name,price,product_dimensions,description,sustainability_features,rating,number_of_reviews,product_page_url,product_id
"Viva Signature Cloth Paper Towels, 12 Triple Rolls, 141 Sheets per Roll",$28.49,,"12 Viva Signature Cloth Paper Towel Triple Rolls, 141 sheets per roll (12 triple rolls = 36 single rolls); Viva Choose-A-Sheet size allows you to choose the right sheet size for any task; packaging may vary These paper towels are 2x more durable* and soft like cloth (*when wet vs. the leading 1-ply value brand) Viva Signature Cloth is the softest and most durable** paper towels (**when wet vs. nationally branded towels) Viva Signature Cloth is the most cloth-like towel; rinse and reuse each paper towel until the job is done Our paper towels are soft and strong like cloth and cleans like cloth to power through any cleaning job","Forestry practices
Made with materials from well-managed forests, recycled materials, and/or other controlled wood sources.
As certified by
The Forest Stewardship Council",4.8 out of 5 stars,559 ratings,https://www.amazon.com/-/zh/dp/B0CM4NP4NY/ref=sr_1_1?dib=eyJ2IjoiMSJ9.Wd9VUguhipRExQyrE3Ga_wNTZHHxE7EQkjNMQcBnCpBsljqfWCFhPxPUT28cIqiISHu3_38E7WvDQFzXRHPhqrp95oG5MaoXTVZO65CthvGsu9Ri2ncYDHkS7w6Aro8sAUrY9mpprpVlmLOoFVNwZ_n039CZmmAW8Q8HoQqEMs2X7w10lMHPS9XYB3K2eRqP_OehO8Af0pltUhVdIZVvLaU9czpoSaV6tOsK8QGWijY.uwZCfKSZCX2kz0724ALdqyZnUiv2cao-uvy8mrCJolM&dib_tag=se&qid=1719040328&sr=8-1&srs=21417082011,B0CM4NP4NY
"Cottonelle Ultra Comfort Toilet Paper with Cushiony CleaningRipples Texture, 24 Family Mega Rolls (24 Family Mega Rolls = 108 Regular Rolls) (4 Packs of 6), 296 Sheets per Roll, Packaging May Vary",$27.59,,"24 Family Mega Rolls of Cottonelle Ultra Comfort Toilet Paper; 296 sheets per roll Superior Clean*: Cottonelle bath tissue is designed to clean better* (*than the leading US value brand) Our Softest Ever: Our toilet tissue is made with Cottony Soft CleaningRipples for unbeatable comfort** (**vs the leading US value brand) Our Most Absorbent: Our toilet paper rolls have CleaningRipples and are 3x more absorbent*** (***vs the leading US value brand) Comfortable Clean: Cottonelle Ultra Comfort toilet paper is designed to remove residue and absorb moisture for a clean thatâs comfortably dry Comfy Meets Quality: Cottonelle 2-Ply Toilet Tissue is designed with comfort in mind so you can discover the value of a soft, absorbent roll Cottonelle bath tissue is FSC certified, supporting responsible forestry and only uses fibers that are 100% plant-based","Forestry practices
Made with materials from well-managed forests, recycled materials, and/or other controlled wood sources.
As certified by
The Forest Stewardship Council",4.8 out of 5 stars,"83,592 ratings",https://www.amazon.com/-/zh/dp/B0CM5C15ZD/ref=sr_1_2?dib=eyJ2IjoiMSJ9.Wd9VUguhipRExQyrE3Ga_wNTZHHxE7EQkjNMQcBnCpBsljqfWCFhPxPUT28cIqiISHu3_38E7WvDQFzXRHPhqrp95oG5MaoXTVZO65CthvGsu9Ri2ncYDHkS7w6Aro8sAUrY9mpprpVlmLOoFVNwZ_n039CZmmAW8Q8HoQqEMs2X7w10lMHPS9XYB3K2eRqP_OehO8Af0pltUhVdIZVvLaU9czpoSaV6tOsK8QGWijY.uwZCfKSZCX2kz0724ALdqyZnUiv2cao-uvy8mrCJolM&dib_tag=se&qid=1719040328&sr=8-2&srs=21417082011,B0CM5C15ZD
"Cottonelle Ultra Clean Toilet Paper with Active CleaningRipples Texture, 24 Family Mega Rolls (24 Family Mega Rolls = 132 Regular Rolls) (4 Packs of 6), 353 Sheets Per Roll, Packaging May Vary",$27.59,,"24 Family Mega Rolls of Cottonelle Ultra Clean Toilet Paper (4 packs of 6); 353 sheets per roll Superior Clean*: Each Cottonelle toilet paper roll is made with strong CleaningRipples that are designed to clean better* (*than the leading US value brand) Thick & Strong: Our toilet tissue is 3x thicker and stronger** (**per sheet vs. the leading US value brand) Removes More in One Wipe***: Our bath tissue removes residue, reduces odor, and is designed for sensitive skin (***vs. the leading US value brand) Cottonelle Ultra Clean Toilet Paper is free of added perfumes and dyes Cottonelle 1-ply toilet tissue is FSC certified, supporting responsible forestry and only uses fibers that are 100% plant-based Pair Cottonelle toilet paper with Cottonelle flushable wipes together to remove up to 100% of residue and odor**** (****using wet + dry vs. dry alone)","Forestry practices
Made with materials from well-managed forests, recycled materials, and/or other controlled wood sources.
As certified by
The Forest Stewardship Council",4.8 out of 5 stars,"95,864 ratings",https://www.amazon.com/-/zh/dp/B0CM4NXMV2/ref=sr_1_3?dib=eyJ2IjoiMSJ9.Wd9VUguhipRExQyrE3Ga_wNTZHHxE7EQkjNMQcBnCpBsljqfWCFhPxPUT28cIqiISHu3_38E7WvDQFzXRHPhqrp95oG5MaoXTVZO65CthvGsu9Ri2ncYDHkS7w6Aro8sAUrY9mpprpVlmLOoFVNwZ_n039CZmmAW8Q8HoQqEMs2X7w10lMHPS9XYB3K2eRqP_OehO8Af0pltUhVdIZVvLaU9czpoSaV6tOsK8QGWijY.uwZCfKSZCX2kz0724ALdqyZnUiv2cao-uvy8mrCJolM&dib_tag=se&qid=1719040328&sr=8-3&srs=21417082011,B0CM4NXMV2
"Lined Spiral Journal Notebook for Women & Men, 140 Pages, College Ruled Hardcover Notebook for Work & Note Taking, Journals for Writing, A5 - Green",$7.99,,"Sturdy Construction: Our Lined Spiral Journal Notebook is built to last with a sturdy metal twin-wire binding and a tough hardcover. The water-resistant cover shields your notes from damage, while the double-wire design allows for easy folding and flat laying. High-Quality Paper: Crafted from 100 GSM thick, ink-friendly paper, our notebook prevents ink bleed-through and ghosting. It accommodates various pens, including ballpoint, gel, and fountain pens. Each page features a day header for effortless date tracking. Organized and Functional Design: With 140 lined pages and a 6-page blank table of contents, our notebook offers ample space for note-taking and easy referencing. An inner pocket keeps miscellaneous items secure, and an elastic closure band ensures the notebook stays closed when not in use. Versatile Usage: Suitable for office, school, and home environments, our notebook is perfect for journaling, note-taking, drawing, goal setting, Bible, and planning. It's a thoughtful gift for friends, family, classmates, and colleagues. Medium-Sized Portability: Measuring 5.5 inches x 8 inches, our medium notebook strikes the perfect balance between portability and functionality. Its sturdy construction and aesthetic design make it an ideal companion for all your writing endeavors.","Forestry practices
Made with materials from well-managed forests, recycled materials, and/or other controlled wood sources.
As certified by
The Forest Stewardship Council",4.7 out of 5 stars,365 ratings,https://www.amazon.com/-/zh/dp/B0CT4HX4T9/ref=sr_1_4?dib=eyJ2IjoiMSJ9.Wd9VUguhipRExQyrE3Ga_wNTZHHxE7EQkjNMQcBnCpBsljqfWCFhPxPUT28cIqiISHu3_38E7WvDQFzXRHPhqrp95oG5MaoXTVZO65CthvGsu9Ri2ncYDHkS7w6Aro8sAUrY9mpprpVlmLOoFVNwZ_n039CZmmAW8Q8HoQqEMs2X7w10lMHPS9XYB3K2eRqP_OehO8Af0pltUhVdIZVvLaU9czpoSaV6tOsK8QGWijY.uwZCfKSZCX2kz0724ALdqyZnUiv2cao-uvy8mrCJolM&dib_tag=se&qid=1719040328&sr=8-4&srs=21417082011,B0CT4HX4T9
"Charmin Ultra Strong Toilet Paper, 6 Mega Rolls = 24 Regular Rolls",$7.97,,Pack contains 6 Mega Rolls (242 Sheets Per Roll) of Charmin Ultra Strong Toilet Paper Charmin Ultra Strong has washcloth like texture 4X stronger when wet to keep your hands and hiney clean (vs leading USA 1-ply bargain brand) Made with a diamond weave texture Clog-safe and septic-safe; Roto-Rooter approved,"Farming practices
Made with materials harvested from responsibly managed farms.
As certified by
Rainforest Alliance   Rainforest Alliance   Rainforest Alliance   The Forest Stewardship Council",4.8 out of 5 stars,"10,367 ratings",https://www.amazon.com/-/zh/dp/B0B7QXR2PF/ref=sr_1_5?dib=eyJ2IjoiMSJ9.Wd9VUguhipRExQyrE3Ga_wNTZHHxE7EQkjNMQcBnCpBsljqfWCFhPxPUT28cIqiISHu3_38E7WvDQFzXRHPhqrp95oG5MaoXTVZO65CthvGsu9Ri2ncYDHkS7w6Aro8sAUrY9mpprpVlmLOoFVNwZ_n039CZmmAW8Q8HoQqEMs2X7w10lMHPS9XYB3K2eRqP_OehO8Af0pltUhVdIZVvLaU9czpoSaV6tOsK8QGWijY.uwZCfKSZCX2kz0724ALdqyZnUiv2cao-uvy8mrCJolM&dib_tag=se&qid=1719040328&sr=8-5&srs=21417082011,B0B7QXR2PF
Hebrew Illuminations 2025 Wall Calendar by Adam Rhine: A 16-Month Jewish Calendar with Candle Lighting Times,$16.99,,,,Previous slide of product details,,https://www.amazon.com/-/zh/dp/1524890952/ref=sr_1_6?dib=eyJ2IjoiMSJ9.Wd9VUguhipRExQyrE3Ga_wNTZHHxE7EQkjNMQcBnCpBsljqfWCFhPxPUT28cIqiISHu3_38E7WvDQFzXRHPhqrp95oG5MaoXTVZO65CthvGsu9Ri2ncYDHkS7w6Aro8sAUrY9mpprpVlmLOoFVNwZ_n039CZmmAW8Q8HoQqEMs2X7w10lMHPS9XYB3K2eRqP_OehO8Af0pltUhVdIZVvLaU9czpoSaV6tOsK8QGWijY.uwZCfKSZCX2kz0724ALdqyZnUiv2cao-uvy8mrCJolM&dib_tag=se&qid=1719040328&sr=8-6&srs=21417082011,1524890952
"Thank You Cards With Envelopes 24 Pack, 4x6 Inch Thank You Cards Bulk with Elegant Design, Thank You Notes for Small Business, Wedding, Baby Shower, Graduation, Funeral, Bridal Shower - Navy Blue",$5.49,,"Handwritten Gratitude: Show your deep appreciation with Taja elegant thank you cards. These cards are blank inside, providing ample space to pen a heartfelt message to friends, colleagues, teachers or loved ones. Express your thanks with words that truly come from the heart. Effortless Elegance, Perfectly Sized: Our thank you cards with envelopes are ideally sized at 4"" x 6"" when folded, and each set also includes 24 100gsm kraft envelopes and 24 matching stickers to seal your thank you cards with ease, adding a touch of elegance. Perfect for All Occasions: Thank you cards are always in style, whether you're thanking coworkers, business colleagues, or expressing gratitude to loved ones after a wedding, baby shower, graduation, or holiday. This set of thank you card is versatile enough for both formal and personal occasions. No Tears or Smears with Thick Cardstock: Our thank you notes are made with 300gsm, sturdy cardstock, providing durability and resistance to damage. The textured surface ensures that your ink dries quickly, preventing smears and smudges. Affordable and Timeless 24 Pack: This 24 set of thank you cards and envelopes is an affordable way to show appreciation to up to 24 people or families. Whether you're hosting a large event or need cards for smaller occasions throughout the year, this set has you covered.","Forestry practices
Made with materials from well-managed forests, recycled materials, and/or other controlled wood sources.
As certified by
The Forest Stewardship Council",4.7 out of 5 stars,54 ratings,https://www.amazon.com/-/zh/dp/B0CXPWTDYJ/ref=sr_1_7?dib=eyJ2IjoiMSJ9.Wd9VUguhipRExQyrE3Ga_wNTZHHxE7EQkjNMQcBnCpBsljqfWCFhPxPUT28cIqiISHu3_38E7WvDQFzXRHPhqrp95oG5MaoXTVZO65CthvGsu9Ri2ncYDHkS7w6Aro8sAUrY9mpprpVlmLOoFVNwZ_n039CZmmAW8Q8HoQqEMs2X7w10lMHPS9XYB3K2eRqP_OehO8Af0pltUhVdIZVvLaU9czpoSaV6tOsK8QGWijY.uwZCfKSZCX2kz0724ALdqyZnUiv2cao-uvy8mrCJolM&dib_tag=se&qid=1719040328&sr=8-7&srs=21417082011,B0CXPWTDYJ
Thoughts of Dog 2025 Day-to-Day Calendar,$17.99,,,,5.0 out of 5 stars,1 rating,https://www.amazon.com/-/zh/dp/1524889016/ref=sr_1_8?dib=eyJ2IjoiMSJ9.Wd9VUguhipRExQyrE3Ga_wNTZHHxE7EQkjNMQcBnCpBsljqfWCFhPxPUT28cIqiISHu3_38E7WvDQFzXRHPhqrp95oG5MaoXTVZO65CthvGsu9Ri2ncYDHkS7w6Aro8sAUrY9mpprpVlmLOoFVNwZ_n039CZmmAW8Q8HoQqEMs2X7w10lMHPS9XYB3K2eRqP_OehO8Af0pltUhVdIZVvLaU9czpoSaV6tOsK8QGWijY.uwZCfKSZCX2kz0724ALdqyZnUiv2cao-uvy8mrCJolM&dib_tag=se&qid=1719040328&sr=8-8&srs=21417082011,1524889016
Effin' Birds 2025 Day-to-Day Calendar,$17.99,,,,5.0 out of 5 stars,1 rating,https://www.amazon.com/-/zh/dp/1524889377/ref=sr_1_9?dib=eyJ2IjoiMSJ9.Wd9VUguhipRExQyrE3Ga_wNTZHHxE7EQkjNMQcBnCpBsljqfWCFhPxPUT28cIqiISHu3_38E7WvDQFzXRHPhqrp95oG5MaoXTVZO65CthvGsu9Ri2ncYDHkS7w6Aro8sAUrY9mpprpVlmLOoFVNwZ_n039CZmmAW8Q8HoQqEMs2X7w10lMHPS9XYB3K2eRqP_OehO8Af0pltUhVdIZVvLaU9czpoSaV6tOsK8QGWijY.uwZCfKSZCX2kz0724ALdqyZnUiv2cao-uvy8mrCJolM&dib_tag=se&qid=1719040328&sr=8-9&srs=21417082011,1524889377
Mary Engelbreit's Words That Matter 2025 Deluxe Wall Calendar,$17.99,,,,Previous slide of product details,,https://www.amazon.com/-/zh/dp/1524888885/ref=sr_1_10?dib=eyJ2IjoiMSJ9.Wd9VUguhipRExQyrE3Ga_wNTZHHxE7EQkjNMQcBnCpBsljqfWCFhPxPUT28cIqiISHu3_38E7WvDQFzXRHPhqrp95oG5MaoXTVZO65CthvGsu9Ri2ncYDHkS7w6Aro8sAUrY9mpprpVlmLOoFVNwZ_n039CZmmAW8Q8HoQqEMs2X7w10lMHPS9XYB3K2eRqP_OehO8Af0pltUhVdIZVvLaU9czpoSaV6tOsK8QGWijY.uwZCfKSZCX2kz0724ALdqyZnUiv2cao-uvy8mrCJolM&dib_tag=se&qid=1719040328&sr=8-10&srs=21417082011,1524888885
"Quilted Northern Ultra Plush Toilet Paper, 18 Mega Rolls = 72 Regular Rolls, 3X Thicker*, 3 Ply Soft Toilet Tissue",$19.99,,"Quilted Northern Ultra Plush toilet paper is designed for optimal softness and premium performance, while cutting down on what you donât want â?lint Luxurious soft toilet paper that's 3X thicker and 3X more absorbent than the leading value toilet tissue brand* Pamper yourself with 3 cushiony-soft layers in every roll â?the perfect combination of soft, silky, and smooth Each Mega Roll has 255 3-ply toilet paper sheets and is equal to 4 Quilted Northern Regular Rolls, so you can change the toilet paper rolls less often Each bulk toilet paper pack contains 18 Mega Rolls of Quilted Northern Ultra Plush bathroom tissue","Forestry practices
Made with materials from well-managed forests, recycled materials, and/or other controlled wood sources.
As certified by
The Forest Stewardship Council",4.7 out of 5 stars,"9,877 ratings",https://www.amazon.com/-/zh/dp/B0BTDRQLD3/ref=sr_1_11?dib=eyJ2IjoiMSJ9.Wd9VUguhipRExQyrE3Ga_wNTZHHxE7EQkjNMQcBnCpBsljqfWCFhPxPUT28cIqiISHu3_38E7WvDQFzXRHPhqrp95oG5MaoXTVZO65CthvGsu9Ri2ncYDHkS7w6Aro8sAUrY9mpprpVlmLOoFVNwZ_n039CZmmAW8Q8HoQqEMs2X7w10lMHPS9XYB3K2eRqP_OehO8Af0pltUhVdIZVvLaU9czpoSaV6tOsK8QGWijY.uwZCfKSZCX2kz0724ALdqyZnUiv2cao-uvy8mrCJolM&dib_tag=se&qid=1719040328&sr=8-11&srs=21417082011,B0BTDRQLD3
"Amazon Basics 2-Ply Toilet Paper Soft and Strong, 6 Ultra Rolls = 24 Regular Rolls, Unscented, 340 Sheet (6 Rolls)",$7.60,,"Amazon Basics Soft & Strong toilet paper includes 6 Rolls with 340 2-ply sheets per roll Each pack contains 6 rolls of Amazon Basics bath tissue for a total of 2,040 sheets Septic safe in well maintained sewer and septic systems Made in USA with FSC certified paper Perfect for high-traffic bathrooms and families","Forestry practices
Made with materials from well-managed forests, recycled materials, and/or other controlled wood sources.
As certified by
The Forest Stewardship Council",4.2 out of 5 stars,282 ratings,https://www.amazon.com/-/zh/dp/B0CM3BSJ95/ref=sr_1_12?dib=eyJ2IjoiMSJ9.Wd9VUguhipRExQyrE3Ga_wNTZHHxE7EQkjNMQcBnCpBsljqfWCFhPxPUT28cIqiISHu3_38E7WvDQFzXRHPhqrp95oG5MaoXTVZO65CthvGsu9Ri2ncYDHkS7w6Aro8sAUrY9mpprpVlmLOoFVNwZ_n039CZmmAW8Q8HoQqEMs2X7w10lMHPS9XYB3K2eRqP_OehO8Af0pltUhVdIZVvLaU9czpoSaV6tOsK8QGWijY.uwZCfKSZCX2kz0724ALdqyZnUiv2cao-uvy8mrCJolM&dib_tag=se&qid=1719040328&sr=8-12&srs=21417082011,B0CM3BSJ95
"Kleenex Lotion Facial Tissues with Coconut Oil, 3 Flat Boxes, 120 Tissues Per Box, 3-Ply",$6.99,,"3 boxes of Kleenex Lotion Facial Tissues with Coconut Oil, Aloe, and Vitamin E, 3-Ply, 120 tissues per box (360 tissues total); packaging may vary 3-in-1 Skin-Loving Benefits: Helps protect hands, and soothes and moisturizes skin Our lotion facial tissues deliver healthier skin* as you wipe, blot, and blow (*moisturizes skin vs. the leading everyday tissue) Dermatologist-tested and designed to moisturize your skin with every wipe Each Kleenex tissue has 3 strong layers and is made with Coconut Oil, Aloe, and Vitamin E","Forestry practices
Made with materials from well-managed forests, recycled materials, and/or other controlled wood sources.
As certified by
The Forest Stewardship Council",4.8 out of 5 stars,"2,712 ratings",https://www.amazon.com/-/zh/dp/B09RY35M4S/ref=sr_1_13?dib=eyJ2IjoiMSJ9.Wd9VUguhipRExQyrE3Ga_wNTZHHxE7EQkjNMQcBnCpBsljqfWCFhPxPUT28cIqiISHu3_38E7WvDQFzXRHPhqrp95oG5MaoXTVZO65CthvGsu9Ri2ncYDHkS7w6Aro8sAUrY9mpprpVlmLOoFVNwZ_n039CZmmAW8Q8HoQqEMs2X7w10lMHPS9XYB3K2eRqP_OehO8Af0pltUhVdIZVvLaU9czpoSaV6tOsK8QGWijY.uwZCfKSZCX2kz0724ALdqyZnUiv2cao-uvy8mrCJolM&dib_tag=se&qid=1719040328&sr=8-13&srs=21417082011,B09RY35M4S
"Kleenex Lotion Facial Tissues with Coconut Oil, 8 Cube Boxes, 80 Tissues Per Box, 3-Ply",$18.99,,"8 boxes of Kleenex Lotion Facial Tissues with Coconut Oil, Aloe, and Vitamin E, 3-Ply, 80 tissues per box (640 tissues total); packaging may vary 3-in-1 Skin-Loving Benefits: Helps protect hands, and soothes and moisturizes skin Our lotion facial tissues deliver healthier skin* as you wipe, blot, and blow (*moisturizes skin vs. the leading everyday tissue) Dermatologist-tested and designed to moisturize your skin with every wipe Each Kleenex tissue has 3 strong layers and is made with Coconut Oil, Aloe, and Vitamin E","Forestry practices
Made with materials from well-managed forests, recycled materials, and/or other controlled wood sources.
As certified by
The Forest Stewardship Council",4.6 out of 5 stars,43 ratings,https://www.amazon.com/-/zh/dp/B0CTD23MJG/ref=sr_1_14?dib=eyJ2IjoiMSJ9.Wd9VUguhipRExQyrE3Ga_wNTZHHxE7EQkjNMQcBnCpBsljqfWCFhPxPUT28cIqiISHu3_38E7WvDQFzXRHPhqrp95oG5MaoXTVZO65CthvGsu9Ri2ncYDHkS7w6Aro8sAUrY9mpprpVlmLOoFVNwZ_n039CZmmAW8Q8HoQqEMs2X7w10lMHPS9XYB3K2eRqP_OehO8Af0pltUhVdIZVvLaU9czpoSaV6tOsK8QGWijY.uwZCfKSZCX2kz0724ALdqyZnUiv2cao-uvy8mrCJolM&dib_tag=se&qid=1719040328&sr=8-14&srs=21417082011,B0CTD23MJG
"Neutrogena Makeup Remover Wipes, Ultra-Soft Cleansing Facial Towelettes for Waterproof Makeup, Alcohol-Free, Plant-Based, Twin Pack, 25 Count (Pack of 2)",$9.99,,"Twin Pack with 25 count of ultra-soft, pre-moistened Neutrogena Makeup Remover Wipes with a micellar-infused triple emollient formula remove waterproof makeup and cleanses skin while leaving it feeling refreshed, soft, smooth and conditioned Makeup remover face cleansing towelettes work to dissolve all traces of dirt, remove bacteria, impurities, oil and makeup on skin while also removing pollution, sweat and sunscreen, for superior cleansing and makeup removing power at your fingertips Facial cleansing wet wipes are ophthalmologist-, dermatologist-, and allergy-tested and gentle around the eye area. The effective formula removes up to 99% of makeup--even stubborn waterproof mascara--without tugging Makeup remover wipes are disposable and thoroughly cleanse skin, leaving behind no heavy residue so there's no need to rinse Facial cleansing wipes are great to use in a daily beauty or skincare routine for a refreshing self-care experience at-home","Forestry practices
Made with materials from well-managed forests, recycled materials, and/or other controlled wood sources.
As certified by
The Forest Stewardship Council",4.8 out of 5 stars,"108,175 ratings",https://www.amazon.com/-/zh/dp/B00U2VQZDS/ref=sr_1_15?dib=eyJ2IjoiMSJ9.Wd9VUguhipRExQyrE3Ga_wNTZHHxE7EQkjNMQcBnCpBsljqfWCFhPxPUT28cIqiISHu3_38E7WvDQFzXRHPhqrp95oG5MaoXTVZO65CthvGsu9Ri2ncYDHkS7w6Aro8sAUrY9mpprpVlmLOoFVNwZ_n039CZmmAW8Q8HoQqEMs2X7w10lMHPS9XYB3K2eRqP_OehO8Af0pltUhVdIZVvLaU9czpoSaV6tOsK8QGWijY.uwZCfKSZCX2kz0724ALdqyZnUiv2cao-uvy8mrCJolM&dib_tag=se&qid=1719040328&sr=8-15&srs=21417082011,B00U2VQZDS
"Neutrogena Makeup Remover Wipes, Individually Wrapped Daily Face Wipes for Waterproof Makeup, Travel & On-the-Go Singles, 20 Count",$6.78,,"20-count of individually wrapped pre-moistened Neutrogena Makeup Remover Wipe Singles. Individually wrapped facial towelettes are protected from drying out so you always have a fresh and effective wipe for complete cleansing and makeup removal Makeup remover face cleansing towelettes work to dissolve all traces of dirt, remove bacteria, impurities, oil and makeup on skin while also removing pollution, sweat and sunscreen, for superior cleansing and makeup removing power at your fingertips Facial cleansing wet wipes are ophthalmologist-, dermatologist-, and allergy-tested and gentle around the eye area. The effective formula removes up to 99% of makeup--even stubborn waterproof mascara--without tugging Disposable single-use wipes thoroughly cleanse skin and leave behind no heavy residue, so there's no need to rinse Facial cleansing wipes are great for on-the-go and to use in a daily beauty or skincare routine for a refreshing self-care experience anywhere","Forestry practices
Made with materials from well-managed forests, recycled materials, and/or other controlled wood sources.
As certified by
The Forest Stewardship Council",4.8 out of 5 stars,"59,316 ratings",https://www.amazon.com/-/zh/dp/B07GKVBQDG/ref=sr_1_16?dib=eyJ2IjoiMSJ9.Wd9VUguhipRExQyrE3Ga_wNTZHHxE7EQkjNMQcBnCpBsljqfWCFhPxPUT28cIqiISHu3_38E7WvDQFzXRHPhqrp95oG5MaoXTVZO65CthvGsu9Ri2ncYDHkS7w6Aro8sAUrY9mpprpVlmLOoFVNwZ_n039CZmmAW8Q8HoQqEMs2X7w10lMHPS9XYB3K2eRqP_OehO8Af0pltUhVdIZVvLaU9czpoSaV6tOsK8QGWijY.uwZCfKSZCX2kz0724ALdqyZnUiv2cao-uvy8mrCJolM&dib_tag=se&qid=1719040328&sr=8-16&srs=21417082011,B07GKVBQDG
"Amazon Basics 2-Ply Toilet Paper, 30 Rolls = 120 Regular Rolls, Unscented, 350 Sheet, (Pack of 30)",$25.21,,"Amazon Basics toilet paper includes 30 Rolls with 350 2-ply sheets per roll Each box contains 5 packs with 6 rolls of Amazon Basics bath tissue for a total of 10,500 sheets Each roll has 4.3 times more sheets than a regular roll (based on regular rolls with 80 sheets) Septic safe in well maintained sewer and septic systems If you like Angel Soft, you'll love Amazon Basics toilet paper","Forestry practices
Made with materials from well-managed forests, recycled materials, and/or other controlled wood sources.
As certified by
The Forest Stewardship Council",4.4 out of 5 stars,"144,073 ratings",https://www.amazon.com/-/zh/dp/B095CN96JS/ref=sr_1_17?dib=eyJ2IjoiMSJ9.vPHbdjT6s8ln1Dd6LzT87OA29MQbNdYK3TqtMWuizwfIkjxEMVfZ0NuL--gf4dd2Jh-Kea11QExg8EVFb-_mOQ.KgCvnyFRlfYBGUVg8HNhUmaGR-O_OGxKRAbZiVpjgL8&dib_tag=se&qid=1719040416&sr=8-17&srs=21417082011,B095CN96JS
"Amazon Basics Flushable Adult Toilet Wipes, Fragrance Free, 126 Count (3 Packs of 42) Packaging May Vary",$4.76,,"Includes 3 packs of 42 flushable wipes, 126 total wipes Previously Solimo Flushable Adult Toilet Wipes, Fragrance Free 100% biodegradable wipes when disposed of in the toilet, are made with plant-based fibers and plastic-free Flushable wipes made with Advanced Flushable Technology means you can feel confident flushing one wipe at a time No added dyes Packaging made with at least 25% Post Consumer Recycled Material","Forestry practices
Made with materials from well-managed forests, recycled materials, and/or other controlled wood sources.
As certified by
The Forest Stewardship Council",4.5 out of 5 stars,"43,789 ratings",https://www.amazon.com/-/zh/dp/B095KCG1Q2/ref=sr_1_18?dib=eyJ2IjoiMSJ9.vPHbdjT6s8ln1Dd6LzT87OA29MQbNdYK3TqtMWuizwfIkjxEMVfZ0NuL--gf4dd2Jh-Kea11QExg8EVFb-_mOQ.KgCvnyFRlfYBGUVg8HNhUmaGR-O_OGxKRAbZiVpjgL8&dib_tag=se&qid=1719040416&sr=8-18&srs=21417082011,B095KCG1Q2
Cartoons from The New Yorker 2025 Day-to-Day Calendar,$17.99,,,,Previous slide of product details,,https://www.amazon.com/-/zh/dp/152488894X/ref=sr_1_19?dib=eyJ2IjoiMSJ9.vPHbdjT6s8ln1Dd6LzT87OA29MQbNdYK3TqtMWuizwfIkjxEMVfZ0NuL--gf4dd2Jh-Kea11QExg8EVFb-_mOQ.KgCvnyFRlfYBGUVg8HNhUmaGR-O_OGxKRAbZiVpjgL8&dib_tag=se&qid=1719040416&sr=8-19&srs=21417082011,152488894X
"Amazon Basics Facial Tissue with Lotion, 2-Ply, 300 Count (4 Packs 75) (Previously Solimo)(Packaging may vary)",$7.32,,"Includes 4 cube boxes; 75 tissues per cube (300 tissues total) 2-ply white facial tissues with lotion Perfect for bathrooms, living rooms, bedrooms, offices, classrooms Cube color combinations may vary An Amazon brand","Forestry practices
Made with materials from well-managed forests, recycled materials, and/or other controlled wood sources.
As certified by
The Forest Stewardship Council",4.5 out of 5 stars,"14,146 ratings",https://www.amazon.com/-/zh/dp/B09C31HJYF/ref=sr_1_20?dib=eyJ2IjoiMSJ9.vPHbdjT6s8ln1Dd6LzT87OA29MQbNdYK3TqtMWuizwfIkjxEMVfZ0NuL--gf4dd2Jh-Kea11QExg8EVFb-_mOQ.KgCvnyFRlfYBGUVg8HNhUmaGR-O_OGxKRAbZiVpjgL8&dib_tag=se&qid=1719040416&sr=8-20&srs=21417082011,B09C31HJYF
"Kleenex Ultra Soft Facial Tissues, 3 Flat Boxes, 120 Tissues per Box, 3-Ply (360 Total Tissues), Packaging May Vary",$6.99,,"3 FLAT BOXES: Each box of Kleenex Ultra Soft contains 120 tissuesâpackaging may vary from what is shown. SOFT FACIAL TISSUE: Americaâs #1 preferred Ultra Tissue (vs Ultra national brands) softly comforts skin with 3 thick layers. 3-LAYER FACIAL TISSUE: 3 thick layers to comfort face and help protect hands for everyday use and during allergy season, back-to-school season, and cold and flu season. HYPOALLERGENIC FACIAL TISSUE: Each box of hypoallergenic facial tissues has designs that can fit your homeâcontains various colors and designs. GET FACIAL TISSUES DELIVERED: Skip the store and get Kleenex Ultra Soft delivered right to your door.","Forestry practices
Made with materials from well-managed forests, recycled materials, and/or other controlled wood sources.
As certified by
The Forest Stewardship Council",4.7 out of 5 stars,"81,593 ratings",https://www.amazon.com/-/zh/dp/B09M6JWHV5/ref=sr_1_21?dib=eyJ2IjoiMSJ9.vPHbdjT6s8ln1Dd6LzT87OA29MQbNdYK3TqtMWuizwfIkjxEMVfZ0NuL--gf4dd2Jh-Kea11QExg8EVFb-_mOQ.KgCvnyFRlfYBGUVg8HNhUmaGR-O_OGxKRAbZiVpjgL8&dib_tag=se&qid=1719040416&sr=8-21&srs=21417082011,B09M6JWHV5
"POPCHOSE Dry Brushing Body Brush, Natural Bristle Dry Skin Exfoliating Brush Body Scrub for Flawless Skin, Cellulite Treatment, Lymphatic Drainage and Blood Circulation Improvement",$8.99,,"DRY BRUSHING is an inexpensive, effective and chemical-free way to have healthier and smoother skin. The POPCHOSE body brush is an ideal dry brushing boody brush to restore and maintain your beautiful radiance. It can also be used in shower or bath to clean the skin deeply. GREAT RESULTS will show if you do dry brushing on a regular basis. Benefits include: exfoliation, unclogged pores, smoother and softer skin, cellulite reduction, improved blood circulation and lymphatic system stimulation. NATURAL&ECO-FRIENDLY materials give you an at home SPA experience. The POPCHOSE dry brushing body brush is made of the finest materials. The natural boar bristles are firm and effective to exfoliate and soften skin; the handle is made of smooth polished real wood, oval shaped and fits in your palm for better control; cotton strap offers comfortable and easy grip. A WELLNESS GIFT for yourself or the loved ones is always a smart pick. We include a hook with each brush to help it dry. Packed by a fancy wood color box, itâs not only a must-have item for your own beauty regimen, but also a preferred wellness gift for the person you care about. YOU ARE GUARANTEED with our 100% satisfaction customer care program backed by fast and friendly service. Every penny you spend on our product is risk free.","Forestry practices
Made with materials from well-managed forests, recycled materials, and/or other controlled wood sources.
As certified by
The Forest Stewardship Council",4.7 out of 5 stars,"17,918 ratings",https://www.amazon.com/-/zh/dp/B07RTG4SKS/ref=sr_1_17?dib=eyJ2IjoiMSJ9.QDjo-8sR_pqgnDcM3c9huhnDdBSVB956xg1CtoQ4U6y9LgCK6r20BERnDZy61JZ_RCPon0oGuhFpAfXL9jWXdPPct768iQSORup4W70Q7W4rqS434nVfBhUh1WYDfgEzULxFDCziiKqdA-o4ERrc9_o_SboIeJeFFv6qQnwjAWI.ZYZRMkgN5FGNcov4KlByK0WtG35yuIM3rT4-ZZuaTj8&dib_tag=se&qid=1719040416&sr=8-17&srs=21417082011,B07RTG4SKS
"Amazon Brand - Mama Bear 99% Water Based Baby Wipes, Hypoallergenic for Sensitive Skin, Fragrance Free, 432 Count (6 Packs of 72)",$19.25,,"Formula is made with 99% water Hypoallergenic and fragrance free Formulated without alcohol*, parabens or phthalates (*does not contain ethanol, isopropanol or rubbing alcohol) Made with plant based FSC Certified fiber wipes Gentle wipes for newborns and up Safe for cleaning all around baby including bottom, hands, and face DO NOT FLUSH. Dispose of used wipes in trash receptacle. Store at room temperature. Close lid tightly to retain moisture. Packaging made with at least 25% Post Consumer Recycled Material","Forestry practices
Made with materials from well-managed forests, recycled materials, and/or other controlled wood sources.
As certified by
The Forest Stewardship Council",4.7 out of 5 stars,"19,319 ratings",https://www.amazon.com/-/zh/dp/B07H1NLW4K/ref=sr_1_18?dib=eyJ2IjoiMSJ9.QDjo-8sR_pqgnDcM3c9huhnDdBSVB956xg1CtoQ4U6y9LgCK6r20BERnDZy61JZ_RCPon0oGuhFpAfXL9jWXdPPct768iQSORup4W70Q7W4rqS434nVfBhUh1WYDfgEzULxFDCziiKqdA-o4ERrc9_o_SboIeJeFFv6qQnwjAWI.ZYZRMkgN5FGNcov4KlByK0WtG35yuIM3rT4-ZZuaTj8&dib_tag=se&qid=1719040416&sr=8-18&srs=21417082011,B07H1NLW4K
"Quilted Northern Ultra Plush Toilet Paper, 32 Mega Rolls = 128 Regular Rolls, 3X Thicker*, 3 Ply Soft Toilet Tissue",$29.49,,"Quilted Northern Ultra Plush toilet paper is designed for optimal softness and premium performance, while cutting down on what you donât want â?lint Luxurious soft toilet paper that's 3X thicker and 3X more absorbent than the leading value toilet tissue brand* Pamper yourself with 3 cushiony-soft layers in every roll â?the perfect combination of soft, silky, and smooth Each Mega Roll has 255 3-ply toilet paper sheets and is equal to 4 Quilted Northern Regular Rolls, so you can change the toilet paper rolls less often Each bulk toilet paper pack contains 32 Mega Rolls of Quilted Northern Ultra Plush bathroom tissue","Forestry practices
Made with materials from well-managed forests, recycled materials, and/or other controlled wood sources.
As certified by
The Forest Stewardship Council",4.8 out of 5 stars,"15,451 ratings",https://www.amazon.com/-/zh/dp/B0BTDQLMGV/ref=sr_1_19?dib=eyJ2IjoiMSJ9.QDjo-8sR_pqgnDcM3c9huhnDdBSVB956xg1CtoQ4U6y9LgCK6r20BERnDZy61JZ_RCPon0oGuhFpAfXL9jWXdPPct768iQSORup4W70Q7W4rqS434nVfBhUh1WYDfgEzULxFDCziiKqdA-o4ERrc9_o_SboIeJeFFv6qQnwjAWI.ZYZRMkgN5FGNcov4KlByK0WtG35yuIM3rT4-ZZuaTj8&dib_tag=se&qid=1719040416&sr=8-19&srs=21417082011,B0BTDQLMGV
"Puffs Plus Lotion Facial Tissues, 10 Cubes, 56 Tissues Per Box",$16.85,,"Pack includes 10 Cubes (56 Tissues Per Cube) of Puffs Plus Lotion Facial Tissues America's #1 selling Lotion Tissue* *Based on sales data Gentle and Soothing! Holds up better than regular tissues Our most soothing tissues Dermatologist tested to be gentle on sensitive skin A nose in need deserves MORE Puffs indeed! MORE boxes so you don't run out. Sniffles and sneezes can come when you least expect, keep Puffs within reach to always protect.","Forestry practices
Made with materials from well-managed forests, recycled materials, and/or other controlled wood sources.
As certified by
The Forest Stewardship Council",4.8 out of 5 stars,"8,636 ratings",https://www.amazon.com/-/zh/dp/B09YLMRM4Y/ref=sr_1_20?dib=eyJ2IjoiMSJ9.QDjo-8sR_pqgnDcM3c9huhnDdBSVB956xg1CtoQ4U6y9LgCK6r20BERnDZy61JZ_RCPon0oGuhFpAfXL9jWXdPPct768iQSORup4W70Q7W4rqS434nVfBhUh1WYDfgEzULxFDCziiKqdA-o4ERrc9_o_SboIeJeFFv6qQnwjAWI.ZYZRMkgN5FGNcov4KlByK0WtG35yuIM3rT4-ZZuaTj8&dib_tag=se&qid=1719040416&sr=8-20&srs=21417082011,B09YLMRM4Y
"Puffs Plus Lotion Facial Tissues, 10 Cubes, 56 Tissues Per Box",$16.85,,"Pack includes 10 Cubes (56 Tissues Per Cube) of Puffs Plus Lotion Facial Tissues America's #1 selling Lotion Tissue* *Based on sales data Gentle and Soothing! Holds up better than regular tissues Our most soothing tissues Dermatologist tested to be gentle on sensitive skin A nose in need deserves MORE Puffs indeed! MORE boxes so you don't run out. Sniffles and sneezes can come when you least expect, keep Puffs within reach to always protect.","Forestry practices
Made with materials from well-managed forests, recycled materials, and/or other controlled wood sources.
As certified by
The Forest Stewardship Council",4.8 out of 5 stars,"8,636 ratings",https://www.amazon.com/-/zh/dp/B09YLMRM4Y/ref=sr_1_25?dib=eyJ2IjoiMSJ9.vPHbdjT6s8ln1Dd6LzT87OA29MQbNdYK3TqtMWuizwfIkjxEMVfZ0NuL--gf4dd2hOiPLMuer8GQj3uVJ144W9hVLLha38PNwBh9F_mstbQD2QZ65C6Q7EQhw3-jYfHAaMUpsLyw_2Rue4fw_onl263uwa0nFDrxyyP9tOBGZUaGfbtVk6dEGxeiBnxzDkY0OYnpvSJJ0yohoMSCc8_Xm15A3fCg7-AgcSZPW3qhjy4.XSK49SPR7eFNV5jYU14QXfsZryhBktQFxJuhUJhEASo&dib_tag=se&qid=1719040479&sr=8-25&srs=21417082011,B09YLMRM4Y
"BOSOBO Paint Brushes Set, 2 Pack 20 Pcs Round-Pointed Tip Paintbrushes Nylon Hair Artist Acrylic Paint Brushes for Acrylic Oil Watercolor, Face Nail Art, Miniature Detailing & Rock Painting, Blue",$6.99,,"â?TWO PACKS OF TEN SIZES ART BRUSHES: 10 size professional round-pointed paintbrushes with a variety of shapes make MIXING COLOR more easy, perfect for artists, amateurs, students, teens, kids, children and painters of all levels. Wonderful gift idea for your friends and families who have fun in painting! 10 Size: 5/8 8 6 4 5 3 2 2 1 2/0; Length: 17.5 cm to 19.5 cm (6.9 to 7.7 inches). â?All-PURPOSED PAINTING BRUSHES SETS: Nice combination of tips for design purposes, versatile miniature paint brushes allow you to do fine detailing and art painting precisely to reach tight, small spots or tiny points. Works well with oil, watercolor, acrylic, enamel, cel-vinyl, gouache paints. Great for wildlife, botanical, portraiture, doll, illustrations, miniature, model ships and airplanes, arts and craft, rock, leather, gesso and ceramic, or body, nail and face art painting. â?HIGH QUALITY CRAFTSMANSHIP: Artist quality small paint brushes designed with durable synthetic nylon bristles, rust-proof nickel ferrules, and sturdy wooden handles. Individually hand crafted and double-crimped with excellent workmanship so no flaking paint from handles, loose bristles or ferrules with this pro mini paint brushes set. Intended for long time use, no compromise to the performance or appearance after multiple painting and cleaning. â?EASY MAINTENANCE: After using your fine tip paint brushes for acrylic, oil or watercolor painting, itâs very convenient to clean them with warm soapy water and reshape the paintbrush tips. Air-dry the detail brushes and store them in the carrying container in a tip-top position for long time of use. Paint brushes nylon hairs are carefully selected and will spring back perfectly after every brush strokes. They can be easily clean up with soapy warm water and reshaped with your fingers. â?WARM TIPS: Clean your brushes immediately after using them, avoid scrubbing while cleaning. Never leave your brushes resting on their heads in water, solvent, or when drying. Store clean brushes vertically, head-side-up or horizontally. What You Get: 10pcs artist brushes set * 2 and friendly customer service, if you have any question with your painting kit, be free to contact us and we will make it right for you in 24 hours.","Forestry practices
Made with materials from well-managed forests, recycled materials, and/or other controlled wood sources.
As certified by
The Forest Stewardship Council",4.7 out of 5 stars,"57,469 ratings",https://www.amazon.com/-/zh/dp/B07GH7WGC3/ref=sr_1_26?dib=eyJ2IjoiMSJ9.vPHbdjT6s8ln1Dd6LzT87OA29MQbNdYK3TqtMWuizwfIkjxEMVfZ0NuL--gf4dd2hOiPLMuer8GQj3uVJ144W9hVLLha38PNwBh9F_mstbQD2QZ65C6Q7EQhw3-jYfHAaMUpsLyw_2Rue4fw_onl263uwa0nFDrxyyP9tOBGZUaGfbtVk6dEGxeiBnxzDkY0OYnpvSJJ0yohoMSCc8_Xm15A3fCg7-AgcSZPW3qhjy4.XSK49SPR7eFNV5jYU14QXfsZryhBktQFxJuhUJhEASo&dib_tag=se&qid=1719040479&sr=8-26&srs=21417082011,B07GH7WGC3
"Amazon Basics 2-Ply Flex-Sheets Paper Towels, 12 Basics Rolls = 32 Regular Rolls, Everyday Value with 150 Sheets per Roll",$22.86,,"Amazon Basics Paper Towels are perfect for everyday messes at a great value for your budget Amazon Basics paper towels include 12 rolls with 150 2-ply sheets per roll, 1,800 total sheets Amazon Basics Towels lint less making them great for cleaning hard surfaces like mirrors, glass, and countertops Flex-sheets let you select the size you need for any task; waste less - save more Amazon Basics Towels are just the solution for an affordable and effective clean If you like Sparkle Paper Towels, we invite you to try Amazon Basics Paper Towels","Forestry practices
Made with materials from well-managed forests, recycled materials, and/or other controlled wood sources.
As certified by
The Forest Stewardship Council",4.2 out of 5 stars,"54,965 ratings",https://www.amazon.com/-/zh/dp/B09BWFX1L6/ref=sr_1_27?dib=eyJ2IjoiMSJ9.vPHbdjT6s8ln1Dd6LzT87OA29MQbNdYK3TqtMWuizwfIkjxEMVfZ0NuL--gf4dd2hOiPLMuer8GQj3uVJ144W9hVLLha38PNwBh9F_mstbQD2QZ65C6Q7EQhw3-jYfHAaMUpsLyw_2Rue4fw_onl263uwa0nFDrxyyP9tOBGZUaGfbtVk6dEGxeiBnxzDkY0OYnpvSJJ0yohoMSCc8_Xm15A3fCg7-AgcSZPW3qhjy4.XSK49SPR7eFNV5jYU14QXfsZryhBktQFxJuhUJhEASo&dib_tag=se&qid=1719040479&sr=8-27&srs=21417082011,B09BWFX1L6
Thomas Kinkade Studios 2025 Deluxe Wall Calendar,$17.99,,,,5.0 out of 5 stars,1 rating,https://www.amazon.com/-/zh/dp/1524889172/ref=sr_1_28?dib=eyJ2IjoiMSJ9.vPHbdjT6s8ln1Dd6LzT87OA29MQbNdYK3TqtMWuizwfIkjxEMVfZ0NuL--gf4dd2hOiPLMuer8GQj3uVJ144W9hVLLha38PNwBh9F_mstbQD2QZ65C6Q7EQhw3-jYfHAaMUpsLyw_2Rue4fw_onl263uwa0nFDrxyyP9tOBGZUaGfbtVk6dEGxeiBnxzDkY0OYnpvSJJ0yohoMSCc8_Xm15A3fCg7-AgcSZPW3qhjy4.XSK49SPR7eFNV5jYU14QXfsZryhBktQFxJuhUJhEASo&dib_tag=se&qid=1719040479&sr=8-28&srs=21417082011,1524889172
"Charmin Ultra Soft Cushiony Touch Toilet Paper, 24 Family Mega Rolls = 123 Regular Rolls",$35.49,,"Pack contains 24 Family Mega Plus Rolls (288 Sheets Per Roll) of Charmin Ultra Soft Cushiony Touch Toilet Paper Trusted Softness, Better Tear vs. the leading USA 1-ply bargain brand 2X more absorbent so you can use less vs. the leading USA 1-ply bargain brand Irresistible softness you can feel Cushiony soft without compromising strength 1 Family Mega Roll = 5 Regular Rolls based on number of sheets in Charmin Regular Roll bath tissue Holds up so your hands and behind keep clean while you go","Farming practices
Made with materials harvested from responsibly managed farms.
As certified by
Rainforest Alliance   Rainforest Alliance   Rainforest Alliance   The Forest Stewardship Council",4.8 out of 5 stars,"101,394 ratings",https://www.amazon.com/-/zh/dp/B0798DVT68/ref=sr_1_29?dib=eyJ2IjoiMSJ9.vPHbdjT6s8ln1Dd6LzT87OA29MQbNdYK3TqtMWuizwfIkjxEMVfZ0NuL--gf4dd2hOiPLMuer8GQj3uVJ144W9hVLLha38PNwBh9F_mstbQD2QZ65C6Q7EQhw3-jYfHAaMUpsLyw_2Rue4fw_onl263uwa0nFDrxyyP9tOBGZUaGfbtVk6dEGxeiBnxzDkY0OYnpvSJJ0yohoMSCc8_Xm15A3fCg7-AgcSZPW3qhjy4.XSK49SPR7eFNV5jYU14QXfsZryhBktQFxJuhUJhEASo&dib_tag=se&qid=1719040479&sr=8-29&srs=21417082011,B0798DVT68
JunNeng Baby Boy Girl 2 Pack Rayon of Bamboo Summer Sleeper Infant Soft Short Sleeve Zipper Footless One-piece Romper,$29.99,,,"Forestry practices
This product has sustainability features recognized by trusted certifications.
As certified by
The Forest Stewardship Council

Forestry practices
Made with materials from well-managed forests, recycled materials, and/or other controlled wood sources.
As certified by
The Forest Stewardship Council",4.4 out of 5 stars,102 ratings,https://www.amazon.com/-/zh/dp/B0CTYWJC1S/ref=sr_1_30?dib=eyJ2IjoiMSJ9.vPHbdjT6s8ln1Dd6LzT87OA29MQbNdYK3TqtMWuizwfIkjxEMVfZ0NuL--gf4dd2hOiPLMuer8GQj3uVJ144W9hVLLha38PNwBh9F_mstbQD2QZ65C6Q7EQhw3-jYfHAaMUpsLyw_2Rue4fw_onl263uwa0nFDrxyyP9tOBGZUaGfbtVk6dEGxeiBnxzDkY0OYnpvSJJ0yohoMSCc8_Xm15A3fCg7-AgcSZPW3qhjy4.XSK49SPR7eFNV5jYU14QXfsZryhBktQFxJuhUJhEASo&dib_tag=se&qid=1719040479&sr=8-30&srs=21417082011,B0CTYWJC1S
"Charmin Ultra Strong Clean Touch Toilet Paper, 24 Family Mega Rolls = 123 Regular Rolls",$35.49,,Pack contains 24 Family Mega Rolls (308 Sheets Per Roll) of Charmin Ultra Strong Toilet Paper Charmin Ultra Strong has washcloth like texture 4X stronger when wet to keep your hands and hiney clean (vs leading USA 1-ply bargain brand) Made with a diamond weave texture Exceptional cleaning without compromising softness Cleans Better with fewer sheets and less effort (vs. leading USA 1-ply bargain brand) Charmin Family Mega Roll has 25% more sheets per roll vs Charmin Mega Roll Cleans better so you can use less (vs. the leading USA 1-ply bargain brand),"Forestry practices
Made with materials from well-managed forests, recycled materials, and/or other controlled wood sources.
As certified by
The Forest Stewardship Council",4.8 out of 5 stars,"22,174 ratings",https://www.amazon.com/-/zh/dp/B09YKYV9N9/ref=sr_1_32?dib=eyJ2IjoiMSJ9.vPHbdjT6s8ln1Dd6LzT87OA29MQbNdYK3TqtMWuizwfIkjxEMVfZ0NuL--gf4dd2hOiPLMuer8GQj3uVJ144W9hVLLha38PNwBh9F_mstbQD2QZ65C6Q7EQhw3-jYfHAaMUpsLyw_2Rue4fw_onl263uwa0nFDrxyyP9tOBGZUaGfbtVk6dEGxeiBnxzDkY0OYnpvSJJ0yohoMSCc8_Xm15A3fCg7-AgcSZPW3qhjy4.XSK49SPR7eFNV5jYU14QXfsZryhBktQFxJuhUJhEASo&dib_tag=se&qid=1719040479&sr=8-32&srs=21417082011,B09YKYV9N9
"BAMBOO COOL Men's Underwear Boxer Briefs with Open Fly,Regular Leg,Moisture-Wicking Cool Comfort Underwear For men",$36.98,,,"Forestry practices
This product has sustainability features recognized by trusted certifications.
As certified by
The Forest Stewardship Council

Forestry practices
Made with materials from well-managed forests, recycled materials, and/or other controlled wood sources.
As certified by
The Forest Stewardship Council",4.7 out of 5 stars,500 ratings,https://www.amazon.com/-/zh/dp/B0C4H754GT/ref=sr_1_31?dib=eyJ2IjoiMSJ9.vPHbdjT6s8ln1Dd6LzT87OA29MQbNdYK3TqtMWuizwfIkjxEMVfZ0NuL--gf4dd2hOiPLMuer8GQj3uVJ144W9hVLLha38PNwBh9F_mstbQD2QZ65C6Q7EQhw3-jYfHAaMUpsLyw_2Rue4fw_onl263uwa0nFDrxyyP9tOBGZUaGfbtVk6dEGxeiBnxzDkY0OYnpvSJJ0yohoMSCc8_Xm15A3fCg7-AgcSZPW3qhjy4.XSK49SPR7eFNV5jYU14QXfsZryhBktQFxJuhUJhEASo&dib_tag=se&qid=1719040479&sr=8-31&srs=21417082011,B0C4H754GT
"Quilted Northern Ultra Soft & Strong Toilet Paper, 18 Mega Rolls = 72 Regular Rolls, 5X Stronger*, Premium Soft Toilet Tissue with Recyclable Paper Packaging",$17.79,,"Quilted Northern Ultra Soft and Strong bathroom tissue is soft, strong and made sustainably for a comfy, reliable clean Each Mega Roll toilet paper has 295 2-ply sheets that are 5X stronger and more durable than the leading value brand of toilet tissue when wet* Weâve planted over 7 million trees through our partnership with the Arbor Day Foundation We use energy-efficient manufacturing to save 30 percent more water and use 30 percent less energy vs. other premium national 2-ply brands in the drying process on a per-sheet basis Each bulk toilet paper pack contains 18 Mega Rolls of Quilted Northern Ultra Soft and Strong toilet paper that you can recycle right at home in your curbside bin","Forestry practices
Made with materials from well-managed forests, recycled materials, and/or other controlled wood sources.
As certified by
The Forest Stewardship Council",4.7 out of 5 stars,"12,064 ratings",https://www.amazon.com/-/zh/dp/B0BTDRQTWY/ref=sr_1_33?dib=eyJ2IjoiMSJ9.K8FFhcD4gd8IX31ARcfX_yQaDVycCMucR4NhSxRn5YwV56PHTVgo407YaR01Eqxcj5xtoXrTFkSt4r2LC94c1g.dcZpxZ8reEVVdpkcYa012CkwJx90qcFdeyug7X5YLnU&dib_tag=se&qid=1719040507&sr=8-33&srs=21417082011,B0BTDRQTWY
"Scott Paper Towels, Choose-A-Sheet, 6 Double Rolls = 12 Regular Rolls (100 Sheets Per Roll)",$6.84,,"6 Double Rolls of Scott Paper Towels, 100 sheets per roll (6 double rolls = 12 regular rolls); product and packaging may vary Trusted combination of value, strength, and absorbency, so you can clean your mess for less* (*than the leading national towel, fluid absorbed per dollar, based on avg retail price at grocery, drug, dollar, and mass outlets for 52 wk ending 12/30/23) Scott Paper Towels are more absorbent for your money** than the leading national towel (**Fluid absorbed per dollar, based on average retail price at a combination of grocery, drug, dollar, and mass outlets for 52 week 12/31/23) Our most absorbent towel ever, designed for fast and easy cleaning to tackle everyday messes; Scott leaves surfaces virtually lint-free for a simple, efficient clean you can trust FSC Certified: 100% of our fibers come from responsibly managed forests; Scott Choose-A-Sheet size allows you to choose the right sheet size for any task Skip the store and have Scott brand paper towels delivered Sustainably sourced from responsibly-managed forests","Forestry practices
Made with materials from well-managed forests, recycled materials, and/or other controlled wood sources.
As certified by
The Forest Stewardship Council",4.5 out of 5 stars,"10,280 ratings",https://www.amazon.com/-/zh/dp/B0CKK43XXS/ref=sr_1_34?dib=eyJ2IjoiMSJ9.K8FFhcD4gd8IX31ARcfX_yQaDVycCMucR4NhSxRn5YwV56PHTVgo407YaR01Eqxcj5xtoXrTFkSt4r2LC94c1g.dcZpxZ8reEVVdpkcYa012CkwJx90qcFdeyug7X5YLnU&dib_tag=se&qid=1719040507&sr=8-34&srs=21417082011,B0CKK43XXS
"Amazon Basics Facial Tissue, 2-Ply, 640 Count (4 Packs of 160) (Previously Solimo)",$8.15,,"Includes 4 tissue boxes; 160 tissues per box (640 tissues total Perfect for bathrooms, living rooms, bedrooms, offices, classrooms Sustainable Forestry Initiative (SFI) Certified Sourcing; Made with fiber from responsibly sourced trees Box color combinations may vary","Forestry practices
Made with materials from well-managed forests, recycled materials, and/or other controlled wood sources.
As certified by
The Forest Stewardship Council",4.6 out of 5 stars,"13,399 ratings",https://www.amazon.com/-/zh/dp/B09C2ZVVHJ/ref=sr_1_35?dib=eyJ2IjoiMSJ9.K8FFhcD4gd8IX31ARcfX_yQaDVycCMucR4NhSxRn5YwV56PHTVgo407YaR01Eqxcj5xtoXrTFkSt4r2LC94c1g.dcZpxZ8reEVVdpkcYa012CkwJx90qcFdeyug7X5YLnU&dib_tag=se&qid=1719040507&sr=8-35&srs=21417082011,B09C2ZVVHJ
"BAMBOO COOL Womens Boxer Briefs Boy Shorts Underwear Soft Stretch Panties for Women, 5-Pack",$32.99,,,"Forestry practices
This product has sustainability features recognized by trusted certifications.
As certified by
The Forest Stewardship Council

Forestry practices
Made with materials from well-managed forests, recycled materials, and/or other controlled wood sources.
As certified by
The Forest Stewardship Council",4.3 out of 5 stars,39 ratings,https://www.amazon.com/-/zh/dp/B0CT4ST8ZJ/ref=sr_1_36?dib=eyJ2IjoiMSJ9.K8FFhcD4gd8IX31ARcfX_yQaDVycCMucR4NhSxRn5YwV56PHTVgo407YaR01Eqxcj5xtoXrTFkSt4r2LC94c1g.dcZpxZ8reEVVdpkcYa012CkwJx90qcFdeyug7X5YLnU&dib_tag=se&qid=1719040507&sr=8-36&srs=21417082011,B0CT4ST8ZJ
DAVID ARCHY Mens Underwear Bamboo Rayon Boxers for Men Breathable and Cool Men's Boxer Shorts with Button Fly 3 or 5 Pack,$62.95,,,"Forestry practices
This product has sustainability features recognized by trusted certifications.
As certified by
The Forest Stewardship Council

Forestry practices
Made with materials from well-managed forests, recycled materials, and/or other controlled wood sources.
As certified by
The Forest Stewardship Council",4.7 out of 5 stars,"1,091 ratings",https://www.amazon.com/-/zh/dp/B0CHS2P6DY/ref=sr_1_37?dib=eyJ2IjoiMSJ9.K8FFhcD4gd8IX31ARcfX_yQaDVycCMucR4NhSxRn5YwV56PHTVgo407YaR01Eqxcj5xtoXrTFkSt4r2LC94c1g.dcZpxZ8reEVVdpkcYa012CkwJx90qcFdeyug7X5YLnU&dib_tag=se&qid=1719040507&sr=8-37&srs=21417082011,B0CHS2P6DY
"Lansinoh Stay Dry Disposable Nursing Pads, Soft and Super Absorbent Breast Pads, Breastfeeding Essentials for Moms, 100 Count",$9.98,,"SUPERIOR ABSORBENCY FOR EXTRA CONFIDENCE - These pads absorb 20 times their weight to keep you confident and dry day and night RECOMMENDED BY MOMS - Convenient, easy to use, and very absorbent, Lansinoh nursing pads have an InvisiLock core to instantly capture and disperse moisture FREE OF FRAGRANCES - Also safe and comfortable for momâs skin, plus BPA and BPS free INDIVIDUALLY WRAPPED FOR CONVENIENCE - Hygienic wrapper keeps pads clean wherever you need to stash them BREATHABLE AIR POCKETS FOR HEALTHY SKIN - Dermatologist tested and very soft for sensitive skin DISCREET FIT - Thin, contoured shape for a discreet fit","Forestry practices
Made with materials from well-managed forests, recycled materials, and/or other controlled wood sources.
As certified by
The Forest Stewardship Council",4.8 out of 5 stars,"50,277 ratings",https://www.amazon.com/-/zh/dp/B0070SKP1O/ref=sr_1_33?dib=eyJ2IjoiMSJ9._Y39UKUbfY5LcivaiRX8S9Ppw7WLOpcXCDTrlyk438NMaHFTAQT4hq8pT34A4zIbhROJE5EkcRZsgWkJjD5Kuzk7R73HLXnbW5Lg1OIncIoeeyhbObIQf1xx-NRel83eeytHkxN3RQ4BJa9CzozHk6bmqKzwpgZRaV12m8oBrGs.Nuu9t_gPSKrf3fTjbMQN9qMb6i6cQM2lUdZFu0JebTE&dib_tag=se&qid=1719040507&sr=8-33&srs=21417082011,B0070SKP1O
BAMBOO COOL Men's Boxer Shorts Lightweight Underwear Breathable Stretchy Boxers with Button Fly 3 or 5 Pack,$62.95,,,"Forestry practices
This product has sustainability features recognized by trusted certifications.
As certified by
The Forest Stewardship Council

Forestry practices
Made with materials from well-managed forests, recycled materials, and/or other controlled wood sources.
As certified by
The Forest Stewardship Council",4.8 out of 5 stars,25 ratings,https://www.amazon.com/-/zh/dp/B0CXHNG5PC/ref=sr_1_34?dib=eyJ2IjoiMSJ9._Y39UKUbfY5LcivaiRX8S9Ppw7WLOpcXCDTrlyk438NMaHFTAQT4hq8pT34A4zIbhROJE5EkcRZsgWkJjD5Kuzk7R73HLXnbW5Lg1OIncIoeeyhbObIQf1xx-NRel83eeytHkxN3RQ4BJa9CzozHk6bmqKzwpgZRaV12m8oBrGs.Nuu9t_gPSKrf3fTjbMQN9qMb6i6cQM2lUdZFu0JebTE&dib_tag=se&qid=1719040507&sr=8-34&srs=21417082011,B0CXHNG5PC
Mary Engelbreit's Shine Bright 12-Month 2025 Monthly Pocket Planner Calendar,$8.99,,,,5.0 out of 5 stars,1 rating,https://www.amazon.com/-/zh/dp/1524888850/ref=sr_1_35?dib=eyJ2IjoiMSJ9._Y39UKUbfY5LcivaiRX8S9Ppw7WLOpcXCDTrlyk438NMaHFTAQT4hq8pT34A4zIbhROJE5EkcRZsgWkJjD5Kuzk7R73HLXnbW5Lg1OIncIoeeyhbObIQf1xx-NRel83eeytHkxN3RQ4BJa9CzozHk6bmqKzwpgZRaV12m8oBrGs.Nuu9t_gPSKrf3fTjbMQN9qMb6i6cQM2lUdZFu0JebTE&dib_tag=se&qid=1719040507&sr=8-35&srs=21417082011,1524888850
Disney Dreams Collection by Thomas Kinkade Studios: 17-Month 2024-2025 Family Wa,$17.99,,,,5.0 out of 5 stars,1 rating,https://www.amazon.com/-/zh/dp/1524889075/ref=sr_1_36?dib=eyJ2IjoiMSJ9._Y39UKUbfY5LcivaiRX8S9Ppw7WLOpcXCDTrlyk438NMaHFTAQT4hq8pT34A4zIbhROJE5EkcRZsgWkJjD5Kuzk7R73HLXnbW5Lg1OIncIoeeyhbObIQf1xx-NRel83eeytHkxN3RQ4BJa9CzozHk6bmqKzwpgZRaV12m8oBrGs.Nuu9t_gPSKrf3fTjbMQN9qMb6i6cQM2lUdZFu0JebTE&dib_tag=se&qid=1719040507&sr=8-36&srs=21417082011,1524889075
"Scott 1000 Trusted Clean Toilet Paper, 32 Rolls, Septic-Safe, 1-Ply Toilet Tissue",$32.99,,"32 REGULAR-SIZED ROLLS: 32 rolls of Scott 1000 Trusted Clean Toilet Paper, 1-ply; packaging may vary from images shown A TRUSTED BRAND: For generations, youâve trusted Scottâour septic-safe toilet paper uses clog-free technology, lasts longer and dissolves faster* and breaks down 10x faster** 1000 SHEETS PER ROLL: Americaâs #1 toilet paper* with 1000 sheets per roll for fewer roll changes (*based on sheets sold) SIMPLY MADE: Free of perfumes or scents, so no need to worry about allergies or irritation SUSTAINABLY SOURCED: Scott bathroom tissue is sustainably sourced from responsibly managed forests, features recyclable packaging and is a 100% biodegradable tissue","Forestry practices
Made with materials from well-managed forests, recycled materials, and/or other controlled wood sources.
As certified by
The Forest Stewardship Council",4.7 out of 5 stars,"30,174 ratings",https://www.amazon.com/-/zh/dp/B093CKHPKK/ref=sr_1_38?dib=eyJ2IjoiMSJ9._Y39UKUbfY5LcivaiRX8S9Ppw7WLOpcXCDTrlyk438NMaHFTAQT4hq8pT34A4zIbhROJE5EkcRZsgWkJjD5Kuzk7R73HLXnbW5Lg1OIncIoeeyhbObIQf1xx-NRel83eeytHkxN3RQ4BJa9CzozHk6bmqKzwpgZRaV12m8oBrGs.Nuu9t_gPSKrf3fTjbMQN9qMb6i6cQM2lUdZFu0JebTE&dib_tag=se&qid=1719040507&sr=8-38&srs=21417082011,B093CKHPKK
"HAPIU Unisex Rayon Made from Bamboo Baby Sleep Sack TOG 0.5, 2-Way Zipper YKK, Lightweight Wearable Blanket Toddler",$55.99,,,"Forestry practices
This product has sustainability features recognized by trusted certifications.
As certified by
The Forest Stewardship Council

Forestry practices
Made with materials from well-managed forests, recycled materials, and/or other controlled wood sources.
As certified by
The Forest Stewardship Council",4.5 out of 5 stars,30 ratings,https://www.amazon.com/-/zh/dp/B0CS8NHCHB/ref=sr_1_39?dib=eyJ2IjoiMSJ9._Y39UKUbfY5LcivaiRX8S9Ppw7WLOpcXCDTrlyk438NMaHFTAQT4hq8pT34A4zIbhROJE5EkcRZsgWkJjD5Kuzk7R73HLXnbW5Lg1OIncIoeeyhbObIQf1xx-NRel83eeytHkxN3RQ4BJa9CzozHk6bmqKzwpgZRaV12m8oBrGs.Nuu9t_gPSKrf3fTjbMQN9qMb6i6cQM2lUdZFu0JebTE&dib_tag=se&qid=1719040507&sr=8-39&srs=21417082011,B0CS8NHCHB
"Neutrogena Cleansing Fragrance Free Makeup Remover Face Wipes, Cleansing Facial Towelettes for Waterproof Makeup, Alcohol-Free, Unscented, 100% Plant-Based Fibers, Twin Pack, 2 x 25 ct",$9.99,,"Two 25-ct twin pack of ultra-soft, pre-moistened Neutrogena Fragrance-Free Makeup Remover Wipes with a micellar infused, triple emollient formula removes waterproof makeup & cleanses facial skin while leaving it feeling refreshed, smooth & conditioned Makeup remover facial cleansing towelettes work to dissolve all traces of dirt, removes bacteria, impurities, oil & makeup on skin while also removing pollution, sweat & sunscreen, for superior cleansing & makeup removing power at your fingertips Facial cleansing wet wipes are ophthalmologist-, dermatologist-, & allergy-tested & gentle around the eye area. The effective formula removes up to 99% of makeup--even stubborn waterproof mascara--without tugging These unscented makeup wipes are disposable & thoroughly cleanse skin, leaving behind no heavy residue so there's no need to rinse Facial cleansing wipes are great to use in a daily beauty or skincare routine for a refreshing self-care experience at-home","Forestry practices
Made with materials from well-managed forests, recycled materials, and/or other controlled wood sources.
As certified by
The Forest Stewardship Council",4.8 out of 5 stars,"9,382 ratings",https://www.amazon.com/-/zh/dp/B0722L6H9C/ref=sr_1_40?dib=eyJ2IjoiMSJ9._Y39UKUbfY5LcivaiRX8S9Ppw7WLOpcXCDTrlyk438NMaHFTAQT4hq8pT34A4zIbhROJE5EkcRZsgWkJjD5Kuzk7R73HLXnbW5Lg1OIncIoeeyhbObIQf1xx-NRel83eeytHkxN3RQ4BJa9CzozHk6bmqKzwpgZRaV12m8oBrGs.Nuu9t_gPSKrf3fTjbMQN9qMb6i6cQM2lUdZFu0JebTE&dib_tag=se&qid=1719040507&sr=8-40&srs=21417082011,B0722L6H9C
JunNeng Baby 2 Pack Rayon of Bamboo Romper Sleeper 2 Way Zipper Short Sleeve Jumpsuit Zipper Footless One-piece,$14.99,,,"Forestry practices
This product has sustainability features recognized by trusted certifications.
As certified by
The Forest Stewardship Council

Forestry practices
Made with materials from well-managed forests, recycled materials, and/or other controlled wood sources.
As certified by
The Forest Stewardship Council",4.5 out of 5 stars,9 ratings,https://www.amazon.com/-/zh/dp/B0CWRL2R99/ref=sr_1_41?dib=eyJ2IjoiMSJ9._Y39UKUbfY5LcivaiRX8S9Ppw7WLOpcXCDTrlyk438NMaHFTAQT4hq8pT34A4zIbhROJE5EkcRZsgWkJjD5Kuzk7R73HLXnbW5Lg1OIncIoeeyhbObIQf1xx-NRel83eeytHkxN3RQ4BJa9CzozHk6bmqKzwpgZRaV12m8oBrGs.Nuu9t_gPSKrf3fTjbMQN9qMb6i6cQM2lUdZFu0JebTE&dib_tag=se&qid=1719040507&sr=8-41&srs=21417082011,B0CWRL2R99
"JunNeng Rayon from Bamboo Baby Romper Sleeper with Mitten Cuffs Feet,Newborn Boy Girl Zipper Snug Fit Sleep 'N Play",$32.99,,,"Forestry practices
This product has sustainability features recognized by trusted certifications.
As certified by
The Forest Stewardship Council

Forestry practices
Made with materials from well-managed forests, recycled materials, and/or other controlled wood sources.
As certified by
The Forest Stewardship Council",4.6 out of 5 stars,135 ratings,https://www.amazon.com/-/zh/dp/B0C53LY16C/ref=sr_1_42?dib=eyJ2IjoiMSJ9._Y39UKUbfY5LcivaiRX8S9Ppw7WLOpcXCDTrlyk438NMaHFTAQT4hq8pT34A4zIbhROJE5EkcRZsgWkJjD5Kuzk7R73HLXnbW5Lg1OIncIoeeyhbObIQf1xx-NRel83eeytHkxN3RQ4BJa9CzozHk6bmqKzwpgZRaV12m8oBrGs.Nuu9t_gPSKrf3fTjbMQN9qMb6i6cQM2lUdZFu0JebTE&dib_tag=se&qid=1719040507&sr=8-42&srs=21417082011,B0C53LY16C
"Quilted Northern Ultra Soft & Strong Toilet Paper, 32 Mega Rolls = 128 Regular Rolls, 5X Stronger*, Premium Soft Toilet Tissue with Recyclable Paper Packaging",$33.21,,"Quilted Northern Ultra Soft and Strong bathroom tissue is soft, strong and made sustainably for a comfy, reliable clean Each Mega Roll toilet paper has 295 2-ply sheets that are 5X stronger and more durable than the leading value brand of toilet tissue when wet* Weâve planted over 7 million trees through our partnership with the Arbor Day Foundation We use energy-efficient manufacturing to save 30 percent more water and use 30 percent less energy vs. other premium national 2-ply brands in the drying process on a per-sheet basis : Each bulk toilet paper pack contains 32 Mega Rolls of Quilted Northern Ultra Soft and Strong toilet paper that you can recycle right at home in your curbside bin","Forestry practices
Made with materials from well-managed forests, recycled materials, and/or other controlled wood sources.
As certified by
The Forest Stewardship Council",4.8 out of 5 stars,"3,271 ratings",https://www.amazon.com/-/zh/dp/B0BT34BJ8S/ref=sr_1_43?dib=eyJ2IjoiMSJ9._Y39UKUbfY5LcivaiRX8S9Ppw7WLOpcXCDTrlyk438NMaHFTAQT4hq8pT34A4zIbhROJE5EkcRZsgWkJjD5Kuzk7R73HLXnbW5Lg1OIncIoeeyhbObIQf1xx-NRel83eeytHkxN3RQ4BJa9CzozHk6bmqKzwpgZRaV12m8oBrGs.Nuu9t_gPSKrf3fTjbMQN9qMb6i6cQM2lUdZFu0JebTE&dib_tag=se&qid=1719040507&sr=8-43&srs=21417082011,B0BT34BJ8S
"Amazon Aware 100% Bamboo 3-Ply Toilet Paper, Unscented, 24 Rolls, FSC Certified, 350 Sheets, 8400 Count, Pack of 24, Plastic-Free",$34.99,,"Includes 24 rolls with 350 3-ply sheets per roll Made from 100% bamboo Soft, strong, absorbent Fragrance free Safe for sensitive skin Formulated without elemental chlorine and/or dye FSC Certified and USDA BioPreferred. Learn about our third-party sustainability certifications below.","Forestry practices
Made with materials from well-managed forests, recycled materials, and/or other controlled wood sources.
As certified by
The Forest Stewardship Council",4.6 out of 5 stars,"1,383 ratings",https://www.amazon.com/-/zh/dp/B0BMQK3GT4/ref=sr_1_49?dib=eyJ2IjoiMSJ9.sA3Jf2VEYrYU92IeCQ2zXfLPqxe6YfMjQ4MxTGeLwA4YBu09UWChvTGfCZ8IZTOS0D_HB9JMqvBYmm3flA-bZw.G_--hW-F11vjZJV_-jKo14gyPfaPUSRhXdzMOfR6yiA&dib_tag=se&qid=1719040578&sr=8-49&srs=21417082011,B0BMQK3GT4
Wood Bead Necklace Africa Wooden Chain Statement Unisex Chunky Necklaces,$9.99,,,"Forestry practices
This product has sustainability features recognized by trusted certifications.
As certified by
The Forest Stewardship Council

Forestry practices
Made with materials from well-managed forests, recycled materials, and/or other controlled wood sources.
As certified by
The Forest Stewardship Council",4.4 out of 5 stars,"1,436 ratings",https://www.amazon.com/-/zh/dp/B00K4ZDAQM/ref=sr_1_50?dib=eyJ2IjoiMSJ9.sA3Jf2VEYrYU92IeCQ2zXfLPqxe6YfMjQ4MxTGeLwA4YBu09UWChvTGfCZ8IZTOS0D_HB9JMqvBYmm3flA-bZw.G_--hW-F11vjZJV_-jKo14gyPfaPUSRhXdzMOfR6yiA&dib_tag=se&qid=1719040578&sr=8-50&srs=21417082011,B00K4ZDAQM
"DAVID ARCHY Mens Underwear Rayon Made from Bamboo 7-Pack, Wicking-Moisture & Cool Boxer Briefs with Support Fly Pouch",$56.99,,,"Forestry practices
This product has sustainability features recognized by trusted certifications.
As certified by
The Forest Stewardship Council

Forestry practices
Made with materials from well-managed forests, recycled materials, and/or other controlled wood sources.
As certified by
The Forest Stewardship Council",4.7 out of 5 stars,36 ratings,https://www.amazon.com/-/zh/dp/B0CW655BZH/ref=sr_1_51?dib=eyJ2IjoiMSJ9.sA3Jf2VEYrYU92IeCQ2zXfLPqxe6YfMjQ4MxTGeLwA4YBu09UWChvTGfCZ8IZTOS0D_HB9JMqvBYmm3flA-bZw.G_--hW-F11vjZJV_-jKo14gyPfaPUSRhXdzMOfR6yiA&dib_tag=se&qid=1719040578&sr=8-51&srs=21417082011,B0CW655BZH
"SONGMICS Jewelry Box with Glass Lid, 3-Layer Jewelry Organizer, 2 Drawers, for Big and Small Jewelry, Jewelry Storage, Modern Style, 8 x 9.1 x 5.3 Inches, Cloud White and Gold Color UJBC239WT",$45.99,"8""D x 9.1""W x 5.3""H","[Storage, 3 Layers] Keep all your jewelry organized in this jewelry boxâsmall pieces of jewelry go in the various slots of the top layer, and big jewelry goes in the bottom 2 drawers [Clear Glass Lid] The see-through glass lid of this jewelry organizer allows you to see and find your favorite jewels at a glance while protecting them from dust, keeping your jewelry ready to wear and clean [Chic & Durable] Elegant white and gold colors, shiny metal handles, soft velvet lining, neat stitching, quality PU, and sturdy MDFâall these elements combined make this jewelry case stylish and durable enough for your ever-growing jewelry collection [Perfect Gift Idea] Gift this original design jewelry box to your loved ones for their birthday or anniversary to surprise them! Or, treat yourself to this fancy jewelry boxâyou deserve it! [Versatile Use] This modern jewelry holder looks nice whether displayed on the dresser of your bedroom or your cloakroom to organize your pins, necklaces, rings, bracelets, and other accessories","Forestry practices
Made with materials from well-managed forests, recycled materials, and/or other controlled wood sources.
As certified by
The Forest Stewardship Council",4.3 out of 5 stars,"7,711 ratings",https://www.amazon.com/-/zh/dp/B07SVFH8HQ/ref=sr_1_52?dib=eyJ2IjoiMSJ9.sA3Jf2VEYrYU92IeCQ2zXfLPqxe6YfMjQ4MxTGeLwA4YBu09UWChvTGfCZ8IZTOS0D_HB9JMqvBYmm3flA-bZw.G_--hW-F11vjZJV_-jKo14gyPfaPUSRhXdzMOfR6yiA&dib_tag=se&qid=1719040578&sr=8-52&srs=21417082011,B07SVFH8HQ
"JunNeng Rayon of Bamboo Baby Sleeper with Mittens Cuffts Feet & No-Slip Design, 2 Way Zipper Pjs Sleep'N Play Romper",$35.99,,,"Forestry practices
This product has sustainability features recognized by trusted certifications.
As certified by
The Forest Stewardship Council

Forestry practices
Made with materials from well-managed forests, recycled materials, and/or other controlled wood sources.
As certified by
The Forest Stewardship Council",4.4 out of 5 stars,77 ratings,https://www.amazon.com/-/zh/dp/B0CB9WQ7ZC/ref=sr_1_49?dib=eyJ2IjoiMSJ9.WGk6NylN1ILGOVpn_6IkGT2DPR7Cwvmz7nKQ8POiSQ2OS7BeDuJEFJp0BJEb33317wVsLwte7BjOSoILQG23a-fEqSON1ROy0G9qAoTK5Pp--hEd4CXDOUm9g0AxSEF-b8E5RIUO8mwN6q7XnGia2lYKdDQlPqDQGY6C3jJ7AAU.f1T0XX2N84Zg-pfQWLsYNc4PnqJvkQTF4RO5ahFUZSc&dib_tag=se&qid=1719040578&sr=8-49&srs=21417082011,B0CB9WQ7ZC
"Kleenex Expressions Disposable Paper Hand Towels, 6 Boxes, 60 Towels per Box (360 Total Hand Towels), Packaging May Vary",$18.99,,"6 BOXES: Each box of Kleenex Expressions Disposable Paper Hand Towels contains 60 paper hand towelsâpackaging may vary from what is shown. HAND TOWELS WITH A CLOTH-LIKE FEEL: Kleenex Expressions Disposable Paper Hand Towels offer a clean, fresh towel every time, offering a cleaner way to dry hands* with a cloth-like feel. SIMPLE PAPER HAND TOWELS: Keep your skin free of irritation with Kleenex hand towels, free of inks, dyes and fragrances. HAND TOWEL BOXES CAN FIT ANY OCCASION: Each boxâs design can fit your home or RVâcontains various colors and designs to fit your setting. GET DISPOSABLE HAND TOWELS DELIVERED: Skip the store and get Kleenex Expressions Disposable Paper Hand Towels delivered.","Forestry practices
Made with materials from well-managed forests, recycled materials, and/or other controlled wood sources.
As certified by
The Forest Stewardship Council",4.8 out of 5 stars,"24,930 ratings",https://www.amazon.com/-/zh/dp/B07NN2CFDZ/ref=sr_1_51?dib=eyJ2IjoiMSJ9.WGk6NylN1ILGOVpn_6IkGT2DPR7Cwvmz7nKQ8POiSQ2OS7BeDuJEFJp0BJEb33317wVsLwte7BjOSoILQG23a-fEqSON1ROy0G9qAoTK5Pp--hEd4CXDOUm9g0AxSEF-b8E5RIUO8mwN6q7XnGia2lYKdDQlPqDQGY6C3jJ7AAU.f1T0XX2N84Zg-pfQWLsYNc4PnqJvkQTF4RO5ahFUZSc&dib_tag=se&qid=1719040578&sr=8-51&srs=21417082011,B07NN2CFDZ
JunNeng Rayon of Bamboo Romper Sleeper Baby Boy Girl 2 Pack Infant Short Sleeve 2 Way Zipper Footless Summer Pajamas,$32.99,,,"Forestry practices
This product has sustainability features recognized by trusted certifications.
As certified by
The Forest Stewardship Council

Forestry practices
Made with materials from well-managed forests, recycled materials, and/or other controlled wood sources.
As certified by
The Forest Stewardship Council",5.0 out of 5 stars,10 ratings,https://www.amazon.com/-/zh/dp/B0CWGFPDNC/ref=sr_1_52?dib=eyJ2IjoiMSJ9.WGk6NylN1ILGOVpn_6IkGT2DPR7Cwvmz7nKQ8POiSQ2OS7BeDuJEFJp0BJEb33317wVsLwte7BjOSoILQG23a-fEqSON1ROy0G9qAoTK5Pp--hEd4CXDOUm9g0AxSEF-b8E5RIUO8mwN6q7XnGia2lYKdDQlPqDQGY6C3jJ7AAU.f1T0XX2N84Zg-pfQWLsYNc4PnqJvkQTF4RO5ahFUZSc&dib_tag=se&qid=1719040578&sr=8-52&srs=21417082011,B0CWGFPDNC
"BAMBOO COOL Womens Underwear, Moisture-Wicking Briefs, Soft and Breathable Panties, Mid Waist, 5-Pack",$32.99,,,"Forestry practices
This product has sustainability features recognized by trusted certifications.
As certified by
The Forest Stewardship Council

Forestry practices
Made with materials from well-managed forests, recycled materials, and/or other controlled wood sources.
As certified by
The Forest Stewardship Council",4.4 out of 5 stars,76 ratings,https://www.amazon.com/-/zh/dp/B0CNZVMTSR/ref=sr_1_53?dib=eyJ2IjoiMSJ9.WGk6NylN1ILGOVpn_6IkGT2DPR7Cwvmz7nKQ8POiSQ2OS7BeDuJEFJp0BJEb33317wVsLwte7BjOSoILQG23a-fEqSON1ROy0G9qAoTK5Pp--hEd4CXDOUm9g0AxSEF-b8E5RIUO8mwN6q7XnGia2lYKdDQlPqDQGY6C3jJ7AAU.f1T0XX2N84Zg-pfQWLsYNc4PnqJvkQTF4RO5ahFUZSc&dib_tag=se&qid=1719040578&sr=8-53&srs=21417082011,B0CNZVMTSR
Separatec Mens Boxer Briefs with Ball Pouch Breathable Cooling Rayon Made From Bamboo Underwear Men 3 or 6 Pack,$35.99,,,"Forestry practices
This product has sustainability features recognized by trusted certifications.
As certified by
The Forest Stewardship Council

Forestry practices
Made with materials from well-managed forests, recycled materials, and/or other controlled wood sources.
As certified by
The Forest Stewardship Council",4.4 out of 5 stars,"7,780 ratings",https://www.amazon.com/-/zh/dp/B0CRYM5CWS/ref=sr_1_54?dib=eyJ2IjoiMSJ9.WGk6NylN1ILGOVpn_6IkGT2DPR7Cwvmz7nKQ8POiSQ2OS7BeDuJEFJp0BJEb33317wVsLwte7BjOSoILQG23a-fEqSON1ROy0G9qAoTK5Pp--hEd4CXDOUm9g0AxSEF-b8E5RIUO8mwN6q7XnGia2lYKdDQlPqDQGY6C3jJ7AAU.f1T0XX2N84Zg-pfQWLsYNc4PnqJvkQTF4RO5ahFUZSc&dib_tag=se&qid=1719040578&sr=8-54&srs=21417082011,B0CRYM5CWS
BAMBOO COOL Men's Boxer Shorts Underwear Upgraded 360Â° Cooling Breathable Boxer Lounge Loose Stretch Short 3 Pack,$49.99,,,"Forestry practices
This product has sustainability features recognized by trusted certifications.
As certified by
The Forest Stewardship Council

Forestry practices
Made with materials from well-managed forests, recycled materials, and/or other controlled wood sources.
As certified by
The Forest Stewardship Council",4.6 out of 5 stars,14 ratings,https://www.amazon.com/-/zh/dp/B0CXSRR5YP/ref=sr_1_55?dib=eyJ2IjoiMSJ9.WGk6NylN1ILGOVpn_6IkGT2DPR7Cwvmz7nKQ8POiSQ2OS7BeDuJEFJp0BJEb33317wVsLwte7BjOSoILQG23a-fEqSON1ROy0G9qAoTK5Pp--hEd4CXDOUm9g0AxSEF-b8E5RIUO8mwN6q7XnGia2lYKdDQlPqDQGY6C3jJ7AAU.f1T0XX2N84Zg-pfQWLsYNc4PnqJvkQTF4RO5ahFUZSc&dib_tag=se&qid=1719040578&sr=8-55&srs=21417082011,B0CXSRR5YP
"Viva Multi-Surface Cloth Paper Towels, 12 Triple Rolls, 165 Sheets Per Roll (2 Packs of 6)",$33.45,,"12 Viva Multi-Surface Cloth Paper Towel Triple Rolls, 165 sheets per roll (2 packs of 6); Viva Choose-A-Sheet size allows you to choose the right sheet size for any task; packaging may vary Viva Multi-Surface Cloth offers 4x cleaning power to remove dirt, scrub grime, absorb quickly, and lock in liquid for an exceptional, everyday clean Our absorbent paper towels trap mess 3x better* to help leave any surface spotless (*when wet vs. our dry towel) Each sheet is uniquely textured with micro-scrubbing technology for an absorbent clean Viva's Sustainably Promise ensures 100% of our paper fibers come from responsibly managed forests","Forestry practices
Made with materials from well-managed forests, recycled materials, and/or other controlled wood sources.
As certified by
The Forest Stewardship Council",4.6 out of 5 stars,"4,954 ratings",https://www.amazon.com/-/zh/dp/B0CM5MVG6H/ref=sr_1_56?dib=eyJ2IjoiMSJ9.WGk6NylN1ILGOVpn_6IkGT2DPR7Cwvmz7nKQ8POiSQ2OS7BeDuJEFJp0BJEb33317wVsLwte7BjOSoILQG23a-fEqSON1ROy0G9qAoTK5Pp--hEd4CXDOUm9g0AxSEF-b8E5RIUO8mwN6q7XnGia2lYKdDQlPqDQGY6C3jJ7AAU.f1T0XX2N84Zg-pfQWLsYNc4PnqJvkQTF4RO5ahFUZSc&dib_tag=se&qid=1719040578&sr=8-56&srs=21417082011,B0CM5MVG6H
"JunNeng Baby Toddler Rayon from Bamboo Pajamas Sets,Kid Boy Girl Solid Snug Fit Short Sleeve Summer Sleepwear",$27.98,,,"Forestry practices
This product has sustainability features recognized by trusted certifications.
As certified by
The Forest Stewardship Council

Forestry practices
Made with materials from well-managed forests, recycled materials, and/or other controlled wood sources.
As certified by
The Forest Stewardship Council",4.9 out of 5 stars,21 ratings,https://www.amazon.com/-/zh/dp/B0C7114DZY/ref=sr_1_58?dib=eyJ2IjoiMSJ9.WGk6NylN1ILGOVpn_6IkGT2DPR7Cwvmz7nKQ8POiSQ2OS7BeDuJEFJp0BJEb33317wVsLwte7BjOSoILQG23a-fEqSON1ROy0G9qAoTK5Pp--hEd4CXDOUm9g0AxSEF-b8E5RIUO8mwN6q7XnGia2lYKdDQlPqDQGY6C3jJ7AAU.f1T0XX2N84Zg-pfQWLsYNc4PnqJvkQTF4RO5ahFUZSc&dib_tag=se&qid=1719040578&sr=8-58&srs=21417082011,B0C7114DZY
"Amazon Basics Dog and Puppy Pee Pads with Leak-Proof Quick-Dry Design for Potty Training, Standard Absorbency, Regular Size, 22 x 22 Inches, Pack of 100, Blue & White",$22.21,,"INCLUDES: 100 Regular-size standard-absorbency puppy pee pads; ideal for puppy training, senior dogs, car trips, and more 5-LAYER PROTECTION: Multi-layer construction with quick-dry surface and absorbent core that turns liquid into gel on contact LEAKPROOF: Plastic lining keeps floors safe from damage; plastic border on all 4 sides to prevent overflow BUILT-IN ATTRACTANT: Helps aid in potty training PRODUCT DIMENSIONS: 22 x 22 inches (LxW, overall); 19 x 19 inches (LxW, center pad); 1.65 inch border","Forestry practices
Made with materials from well-managed forests, recycled materials, and/or other controlled wood sources.
As certified by
The Forest Stewardship Council",4.5 out of 5 stars,"260,352 ratings",https://www.amazon.com/-/zh/dp/B00MW8G62E/ref=sr_1_57?dib=eyJ2IjoiMSJ9.WGk6NylN1ILGOVpn_6IkGT2DPR7Cwvmz7nKQ8POiSQ2OS7BeDuJEFJp0BJEb33317wVsLwte7BjOSoILQG23a-fEqSON1ROy0G9qAoTK5Pp--hEd4CXDOUm9g0AxSEF-b8E5RIUO8mwN6q7XnGia2lYKdDQlPqDQGY6C3jJ7AAU.f1T0XX2N84Zg-pfQWLsYNc4PnqJvkQTF4RO5ahFUZSc&dib_tag=se&qid=1719040578&sr=8-57&srs=21417082011,B00MW8G62E
Sandra Boynton's Every Day's a Fabulous Holiday 2025 Wall Calendar,$15.70,,,,Previous slide of product details,,https://www.amazon.com/-/zh/dp/1524890154/ref=sr_1_59?dib=eyJ2IjoiMSJ9.WGk6NylN1ILGOVpn_6IkGT2DPR7Cwvmz7nKQ8POiSQ2OS7BeDuJEFJp0BJEb33317wVsLwte7BjOSoILQG23a-fEqSON1ROy0G9qAoTK5Pp--hEd4CXDOUm9g0AxSEF-b8E5RIUO8mwN6q7XnGia2lYKdDQlPqDQGY6C3jJ7AAU.f1T0XX2N84Zg-pfQWLsYNc4PnqJvkQTF4RO5ahFUZSc&dib_tag=se&qid=1719040578&sr=8-59&srs=21417082011,1524890154
Mens Boxer Briefs Anti Chafe Breathable Moisture-Wicking Bamboo Trunks Underwear without Fly Pouch for Men 3 Pack,$36.99,,,"Forestry practices
This product has sustainability features recognized by trusted certifications.
As certified by
The Forest Stewardship Council

Forestry practices
Made with materials from well-managed forests, recycled materials, and/or other controlled wood sources.
As certified by
The Forest Stewardship Council",4.3 out of 5 stars,81 ratings,https://www.amazon.com/-/zh/dp/B0CSBBXR2H/ref=sr_1_65?dib=eyJ2IjoiMSJ9.s1LQbFEo6QQXl_AGR6Byjai3XwNQen-PRJFNmENRV0QC1yD7LhG_q3NOptwFWybVbo54GYYSgeK8s55b_BB6Lg.FTrWh3YiLpJSqbLi4IijFm3CfiopLAUT9murq7ntJno&dib_tag=se&qid=1719040631&sr=8-65&srs=21417082011,B0CSBBXR2H
BAMBOO COOL Boys' Underwear Boxer Briefs 6-Pack with Fly Pouch Comfortable and Tag Free,$24.95,,,"Forestry practices
This product has sustainability features recognized by trusted certifications.
As certified by
The Forest Stewardship Council

Forestry practices
Made with materials from well-managed forests, recycled materials, and/or other controlled wood sources.
As certified by
The Forest Stewardship Council",4.9 out of 5 stars,49 ratings,https://www.amazon.com/-/zh/dp/B0CQ83HFMK/ref=sr_1_66?dib=eyJ2IjoiMSJ9.s1LQbFEo6QQXl_AGR6Byjai3XwNQen-PRJFNmENRV0QC1yD7LhG_q3NOptwFWybVbo54GYYSgeK8s55b_BB6Lg.FTrWh3YiLpJSqbLi4IijFm3CfiopLAUT9murq7ntJno&dib_tag=se&qid=1719040631&sr=8-66&srs=21417082011,B0CQ83HFMK
"Scott 1000 Toilet Paper, 8 Rolls, Septic-Safe, 1-Ply Toilet Tissue",$13.58,,"8 REGULAR-SIZED ROLLS: 8 rolls of Scott 1000 Toilet Paper, 1-ply; packaging may vary from images shown A TRUSTED BRAND: For generations, youâve trusted Scottâour septic-safe toilet paper uses clog-free technology, lasts longer and dissolves faster* and breaks down 10x faster** 1000 SHEETS PER ROLL: Americaâs #1 toilet paper* with 1000 sheets per roll for fewer roll changes (*based on sheets sold) SIMPLY MADE: Free of perfumes or scents, so no need to worry about allergies or irritation SUSTAINABLY SOURCED: Scott bathroom tissue is sustainably sourced from responsibly managed forests, features recyclable packaging and is a 100% biodegradable tissue","Forestry practices
Made with materials from well-managed forests, recycled materials, and/or other controlled wood sources.
As certified by
The Forest Stewardship Council",4.7 out of 5 stars,"2,820 ratings",https://www.amazon.com/-/zh/dp/B00O93GHO2/ref=sr_1_67?dib=eyJ2IjoiMSJ9.s1LQbFEo6QQXl_AGR6Byjai3XwNQen-PRJFNmENRV0QC1yD7LhG_q3NOptwFWybVbo54GYYSgeK8s55b_BB6Lg.FTrWh3YiLpJSqbLi4IijFm3CfiopLAUT9murq7ntJno&dib_tag=se&qid=1719040631&sr=8-67&srs=21417082011,B00O93GHO2
"SONGMICS 8-Slot Watch Box, 2-Tier Watch Display Case with Large Glass Lid, Removable Watch Pillows, Velvet Lining, Jewelry Box, Gift Idea, Rustic Walnut UJOW008K01",$35.99,"7.5""D x 10.6""W x 4.9""H","[2 Layers, Large Capacity] Store your watches in the 8 slots of the top layer and organize your watchbands, rings, and cufflinks in the various compartments of the bottom drawerâthis 2-tier watch box keeps your treasures in one convenient place [Style Your Watch Collections] Featuring rustic solid wood with rich grain and a large, clear glass lid, this watch holder not only meets your storage needs, but also accentuates your watch collection and adorns your space [Quality Materials, All-Around Protection] Crafted with a sturdy wood frame outside and soft velvet inside, this watch box offers all-around protection for your watches from accidents and scratches. The soft-yet-supportive pillows keep them in good shape [Large Glass Lid] This watch case comes with a large, clear glass top, so you can show off your watch collection, keep them away from dust, and find your fave instantly to save time on hectic mornings [Smile-Inducing Gift] Classy and practical, this watch storage box is a great gift idea for birthdays, anniversaries, or holidays, be it for your family, friends, or special someone. Or, why not treat yourself? You deserve it","Forestry practices
Made with materials from well-managed forests, recycled materials, and/or other controlled wood sources.
As certified by
The Forest Stewardship Council",4.3 out of 5 stars,"1,814 ratings",https://www.amazon.com/-/zh/dp/B08B8J5SRP/ref=sr_1_68?dib=eyJ2IjoiMSJ9.s1LQbFEo6QQXl_AGR6Byjai3XwNQen-PRJFNmENRV0QC1yD7LhG_q3NOptwFWybVbo54GYYSgeK8s55b_BB6Lg.FTrWh3YiLpJSqbLi4IijFm3CfiopLAUT9murq7ntJno&dib_tag=se&qid=1719040631&sr=8-68&srs=21417082011,B08B8J5SRP
"BAMBOO COOL Men's Underwear Boxer Briefs,Regular Leg,Breathable Soft Moisture-Wicking with Fly Underwear For men",$32.99,,,"Forestry practices
This product has sustainability features recognized by trusted certifications.
As certified by
The Forest Stewardship Council

Forestry practices
Made with materials from well-managed forests, recycled materials, and/or other controlled wood sources.
As certified by
The Forest Stewardship Council",4.5 out of 5 stars,264 ratings,https://www.amazon.com/-/zh/dp/B0BZRGJJQS/ref=sr_1_69?dib=eyJ2IjoiMSJ9.s1LQbFEo6QQXl_AGR6Byjai3XwNQen-PRJFNmENRV0QC1yD7LhG_q3NOptwFWybVbo54GYYSgeK8s55b_BB6Lg.FTrWh3YiLpJSqbLi4IijFm3CfiopLAUT9murq7ntJno&dib_tag=se&qid=1719040631&sr=8-69&srs=21417082011,B0BZRGJJQS
"The Soul of Iceland 2024 Wall Calendar: Traveling Through the Land of Fire and Ice | 12"" x 24"" Open | Amber Lotus Publishing",$14.50,,,,4.8 out of 5 stars,42 ratings,https://www.amazon.com/-/zh/dp/B0BRQW2CS1/ref=sr_1_65?dib=eyJ2IjoiMSJ9.WjI8FMogBZ49cIguAyGMShx2SHkW636bCcI6oBonR9WYykAeHgscA0b8Wuiw6vioXvqXa_SFKMk3_eloeSdFz9jII5elrFp3mQ2UUq2af_UccMdhe0oZLLiQNFOt-hvIF9qk5GzLcfpltyxUPhfwkkPDZuNii_fAutN5jbtBtlE.7AEaBxCM2znkif8NFQpIgi3zbUVE0YGK7HdNQyJkuF4&dib_tag=se&qid=1719040631&sr=8-65&srs=21417082011,B0BRQW2CS1
"DAVID ARCHY Men's Undershirt Bamboo Rayon Moisture-Wicking T-Shirts Stretch Crewneck/V-Neck Tees for Men, 3 or 5 Pack",$36.99,,,"Forestry practices
This product has sustainability features recognized by trusted certifications.
As certified by
The Forest Stewardship Council

Forestry practices
Made with materials from well-managed forests, recycled materials, and/or other controlled wood sources.
As certified by
The Forest Stewardship Council",4.5 out of 5 stars,"4,571 ratings",https://www.amazon.com/-/zh/dp/B0BY8M7F9Y/ref=sr_1_66?dib=eyJ2IjoiMSJ9.WjI8FMogBZ49cIguAyGMShx2SHkW636bCcI6oBonR9WYykAeHgscA0b8Wuiw6vioXvqXa_SFKMk3_eloeSdFz9jII5elrFp3mQ2UUq2af_UccMdhe0oZLLiQNFOt-hvIF9qk5GzLcfpltyxUPhfwkkPDZuNii_fAutN5jbtBtlE.7AEaBxCM2znkif8NFQpIgi3zbUVE0YGK7HdNQyJkuF4&dib_tag=se&qid=1719040631&sr=8-66&srs=21417082011,B0BY8M7F9Y
DAVID ARCHY Mens Underwear Boxer Briefs Breathable Soft Moisture-Wicking with Fly Underwear for Men Multipack,$45.99,,,"Forestry practices
This product has sustainability features recognized by trusted certifications.
As certified by
The Forest Stewardship Council

Forestry practices
Made with materials from well-managed forests, recycled materials, and/or other controlled wood sources.
As certified by
The Forest Stewardship Council",4.5 out of 5 stars,"11,981 ratings",https://www.amazon.com/-/zh/dp/B0CCNT15RD/ref=sr_1_67?dib=eyJ2IjoiMSJ9.WjI8FMogBZ49cIguAyGMShx2SHkW636bCcI6oBonR9WYykAeHgscA0b8Wuiw6vioXvqXa_SFKMk3_eloeSdFz9jII5elrFp3mQ2UUq2af_UccMdhe0oZLLiQNFOt-hvIF9qk5GzLcfpltyxUPhfwkkPDZuNii_fAutN5jbtBtlE.7AEaBxCM2znkif8NFQpIgi3zbUVE0YGK7HdNQyJkuF4&dib_tag=se&qid=1719040631&sr=8-67&srs=21417082011,B0CCNT15RD
BAMBOO COOL Mens Underwear Trunks Open Fly Lightweight Boxer Briefs Underwear for Man Breathable Men's Trunksâ?32.99,,,"Forestry practices
This product has sustainability features recognized by trusted certifications.
As certified by
The Forest Stewardship Council

Forestry practices
Made with materials from well-managed forests, recycled materials, and/or other controlled wood sources.
As certified by
The Forest Stewardship Council",4.2 out of 5 stars,250 ratings,https://www.amazon.com/-/zh/dp/B0BYSH95LF/ref=sr_1_68?dib=eyJ2IjoiMSJ9.WjI8FMogBZ49cIguAyGMShx2SHkW636bCcI6oBonR9WYykAeHgscA0b8Wuiw6vioXvqXa_SFKMk3_eloeSdFz9jII5elrFp3mQ2UUq2af_UccMdhe0oZLLiQNFOt-hvIF9qk5GzLcfpltyxUPhfwkkPDZuNii_fAutN5jbtBtlE.7AEaBxCM2znkif8NFQpIgi3zbUVE0YGK7HdNQyJkuF4&dib_tag=se&qid=1719040631&sr=8-68&srs=21417082011,,
Disney Dreams Collection by Thomas Kinkade Studios: 2025 Wall Calendar,$15.70,,,,5.0 out of 5 stars,1 rating,https://www.amazon.com/-/zh/dp/1524889091/ref=sr_1_70?dib=eyJ2IjoiMSJ9.WjI8FMogBZ49cIguAyGMShx2SHkW636bCcI6oBonR9WYykAeHgscA0b8Wuiw6vioXvqXa_SFKMk3_eloeSdFz9jII5elrFp3mQ2UUq2af_UccMdhe0oZLLiQNFOt-hvIF9qk5GzLcfpltyxUPhfwkkPDZuNii_fAutN5jbtBtlE.7AEaBxCM2znkif8NFQpIgi3zbUVE0YGK7HdNQyJkuF4&dib_tag=se&qid=1719040631&sr=8-70&srs=21417082011,1524889091
"The Miraculous Mushroom 2024 Wall Calendar: With Fabulous Fungi Facts | 12"" x 24"" Open | Amber Lotus Publishing",$24.50,,,,5.0 out of 5 stars,32 ratings,https://www.amazon.com/-/zh/dp/B0BRQW3VWY/ref=sr_1_71?dib=eyJ2IjoiMSJ9.WjI8FMogBZ49cIguAyGMShx2SHkW636bCcI6oBonR9WYykAeHgscA0b8Wuiw6vioXvqXa_SFKMk3_eloeSdFz9jII5elrFp3mQ2UUq2af_UccMdhe0oZLLiQNFOt-hvIF9qk5GzLcfpltyxUPhfwkkPDZuNii_fAutN5jbtBtlE.7AEaBxCM2znkif8NFQpIgi3zbUVE0YGK7HdNQyJkuF4&dib_tag=se&qid=1719040631&sr=8-71&srs=21417082011,B0BRQW3VWY
"DAVID ARCHY Men's Undershirts Micro Modal Ultra Soft T-Shirts Stretch Moisture-Wicking Crewneck/V-Neck Tees for Men, 3-Pack",$36.98,,,"Forestry practices
This product has sustainability features recognized by trusted certifications.
As certified by
The Forest Stewardship Council

Forestry practices
Made with materials from well-managed forests, recycled materials, and/or other controlled wood sources.
As certified by
The Forest Stewardship Council",4.5 out of 5 stars,"2,118 ratings",https://www.amazon.com/-/zh/dp/B0C2CF18CK/ref=sr_1_73?dib=eyJ2IjoiMSJ9.WjI8FMogBZ49cIguAyGMShx2SHkW636bCcI6oBonR9WYykAeHgscA0b8Wuiw6vioXvqXa_SFKMk3_eloeSdFz9jII5elrFp3mQ2UUq2af_UccMdhe0oZLLiQNFOt-hvIF9qk5GzLcfpltyxUPhfwkkPDZuNii_fAutN5jbtBtlE.7AEaBxCM2znkif8NFQpIgi3zbUVE0YGK7HdNQyJkuF4&dib_tag=se&qid=1719040631&sr=8-73&srs=21417082011,B0C2CF18CK
"Neenah Premium Cardstock, 8.5"" x 11"", 65 lb/176 gsm, Bright White, 250 Sheets (91904)",$14.29,,"Bright WhiteÃ¢â¬âa 96 brightness rating. Inkjet, laser and copier guaranteed. Acid- and lignin-free.","Forestry practices
Made with materials from well-managed forests, recycled materials, and/or other controlled wood sources.
As certified by
The Forest Stewardship Council",4.7 out of 5 stars,"5,736 ratings",https://www.amazon.com/-/zh/dp/B00006IDRW/ref=sr_1_72?dib=eyJ2IjoiMSJ9.WjI8FMogBZ49cIguAyGMShx2SHkW636bCcI6oBonR9WYykAeHgscA0b8Wuiw6vioXvqXa_SFKMk3_eloeSdFz9jII5elrFp3mQ2UUq2af_UccMdhe0oZLLiQNFOt-hvIF9qk5GzLcfpltyxUPhfwkkPDZuNii_fAutN5jbtBtlE.7AEaBxCM2znkif8NFQpIgi3zbUVE0YGK7HdNQyJkuF4&dib_tag=se&qid=1719040631&sr=8-72&srs=21417082011,B00006IDRW
BAMBOO COOL Men's Underwear Performance Breathable Mesh Fly Zone Boxer Briefs Moisture-Wicking 4 Pack,$36.99,,,"Forestry practices
This product has sustainability features recognized by trusted certifications.
As certified by
The Forest Stewardship Council

Forestry practices
Made with materials from well-managed forests, recycled materials, and/or other controlled wood sources.
As certified by
The Forest Stewardship Council",4.5 out of 5 stars,103 ratings,https://www.amazon.com/-/zh/dp/B0CDNY4LF9/ref=sr_1_74?dib=eyJ2IjoiMSJ9.WjI8FMogBZ49cIguAyGMShx2SHkW636bCcI6oBonR9WYykAeHgscA0b8Wuiw6vioXvqXa_SFKMk3_eloeSdFz9jII5elrFp3mQ2UUq2af_UccMdhe0oZLLiQNFOt-hvIF9qk5GzLcfpltyxUPhfwkkPDZuNii_fAutN5jbtBtlE.7AEaBxCM2znkif8NFQpIgi3zbUVE0YGK7HdNQyJkuF4&dib_tag=se&qid=1719040631&sr=8-74&srs=21417082011,B0CDNY4LF9
BAMBOO COOL Men's Underwear Boxer Briefs Soft Breathable with Fly Underwear For Men 4 Pack,$32.99,,,"Forestry practices
This product has sustainability features recognized by trusted certifications.
As certified by
The Forest Stewardship Council

Forestry practices
Made with materials from well-managed forests, recycled materials, and/or other controlled wood sources.
As certified by
The Forest Stewardship Council",4.6 out of 5 stars,321 ratings,https://www.amazon.com/-/zh/dp/B0C5ZYQC3M/ref=sr_1_75?dib=eyJ2IjoiMSJ9.WjI8FMogBZ49cIguAyGMShx2SHkW636bCcI6oBonR9WYykAeHgscA0b8Wuiw6vioXvqXa_SFKMk3_eloeSdFz9jII5elrFp3mQ2UUq2af_UccMdhe0oZLLiQNFOt-hvIF9qk5GzLcfpltyxUPhfwkkPDZuNii_fAutN5jbtBtlE.7AEaBxCM2znkif8NFQpIgi3zbUVE0YGK7HdNQyJkuF4&dib_tag=se&qid=1719040631&sr=8-75&srs=21417082011,B0C5ZYQC3M
"Quilted Northern Ultra Plush Toilet Paper, 6 Mega Rolls = 24 Regular Rolls, 3X Thicker*, 3 Ply Soft Toilet Tissue",$6.98,,"Quilted Northern Ultra Plush toilet paper is designed for optimal softness and premium performance, while cutting down on what you donât want â?lint Luxurious soft toilet paper that's 3X thicker and 3X more absorbent than the leading value toilet tissue brand* Pamper yourself with 3 cushiony-soft layers in every roll â?the perfect combination of soft, silky, and smooth Each Mega Roll has 255 3-ply toilet paper sheets and is equal to 4 Quilted Northern Regular Rolls, so you can change the toilet paper rolls less often Each large toilet paper pack contains 6 Mega Rolls of Quilted Northern Ultra Plush bathroom tissue","Forestry practices
Made with materials from well-managed forests, recycled materials, and/or other controlled wood sources.
As certified by
The Forest Stewardship Council",4.7 out of 5 stars,"9,195 ratings",https://www.amazon.com/-/zh/dp/B0BB3JGBH5/ref=sr_1_81?dib=eyJ2IjoiMSJ9.aWjRLenhX73QZ2cvQF9FwFg7eTXsDbCqxqQsKgsDZ5Nt-YkoBg494GbRCV0Ho0ANgnK-Bx2FE9zaSn9N06igYA.v2IK0OcfFt91TAHoT4prl9nxRtP-JC5cB10XrkhpqUI&dib_tag=se&qid=1719040703&sr=8-81&srs=21417082011,B0BB3JGBH5
BAMBOO COOL Mens Boxer Briefs 3D-Pouch Soft Breathable Multiple Colors Underwear for Men 7 Pack,$32.99,,,"Forestry practices
This product has sustainability features recognized by trusted certifications.
As certified by
The Forest Stewardship Council

Forestry practices
Made with materials from well-managed forests, recycled materials, and/or other controlled wood sources.
As certified by
The Forest Stewardship Council",4.6 out of 5 stars,450 ratings,https://www.amazon.com/-/zh/dp/B0C5926CT5/ref=sr_1_82?dib=eyJ2IjoiMSJ9.aWjRLenhX73QZ2cvQF9FwFg7eTXsDbCqxqQsKgsDZ5Nt-YkoBg494GbRCV0Ho0ANgnK-Bx2FE9zaSn9N06igYA.v2IK0OcfFt91TAHoT4prl9nxRtP-JC5cB10XrkhpqUI&dib_tag=se&qid=1719040703&sr=8-82&srs=21417082011,B0C5926CT5
"DAVID ARCHY Men's Tank Top Bamboo Rayon Undershirts Tank Shirt Moisture-Wicking A-Shirt for Men, 3 or 5 Pack",$39.99,,,"Forestry practices
This product has sustainability features recognized by trusted certifications.
As certified by
The Forest Stewardship Council

Forestry practices
Made with materials from well-managed forests, recycled materials, and/or other controlled wood sources.
As certified by
The Forest Stewardship Council",4.6 out of 5 stars,"3,266 ratings",https://www.amazon.com/-/zh/dp/B0BY8GSV1M/ref=sr_1_83?dib=eyJ2IjoiMSJ9.aWjRLenhX73QZ2cvQF9FwFg7eTXsDbCqxqQsKgsDZ5Nt-YkoBg494GbRCV0Ho0ANgnK-Bx2FE9zaSn9N06igYA.v2IK0OcfFt91TAHoT4prl9nxRtP-JC5cB10XrkhpqUI&dib_tag=se&qid=1719040703&sr=8-83&srs=21417082011,B0BY8GSV1M
BAMBOO COOL Menâs Underwear Soft Breathable Boxer Briefs for Men Underwear,$20.99,,,"Forestry practices
This product has sustainability features recognized by trusted certifications.
As certified by
The Forest Stewardship Council

Forestry practices
Made with materials from well-managed forests, recycled materials, and/or other controlled wood sources.
As certified by
The Forest Stewardship Council",4.7 out of 5 stars,710 ratings,https://www.amazon.com/-/zh/dp/B0B81M2PXJ/ref=sr_1_84?dib=eyJ2IjoiMSJ9.aWjRLenhX73QZ2cvQF9FwFg7eTXsDbCqxqQsKgsDZ5Nt-YkoBg494GbRCV0Ho0ANgnK-Bx2FE9zaSn9N06igYA.v2IK0OcfFt91TAHoT4prl9nxRtP-JC5cB10XrkhpqUI&dib_tag=se&qid=1719040703&sr=8-84&srs=21417082011,B0B81M2PXJ
"Amazon Brand - Presto! Ultra-Soft 3-Ply Premium Facial Tissues, 1188 Count (18 Packs of 66)",$27.59,,"IN THE BOX: 18 Cube Boxes of facial tissues with 66 3-ply tissues in each box (1188 total) ULTRA SOFT: Premium facial tissues offer durable strength and ultra softness FUN & COLORFUL: Eye-catching colors and designs; cube box color combinations may vary USE ANYWHERE: Ideal for bathrooms, living rooms, bedrooms, offices, classrooms and more An Amazon brand","Forestry practices
Made with materials from well-managed forests, recycled materials, and/or other controlled wood sources.
As certified by
The Forest Stewardship Council",4.7 out of 5 stars,"8,301 ratings",https://www.amazon.com/-/zh/dp/B07Y48YCJX/ref=sr_1_81?dib=eyJ2IjoiMSJ9.0t7PvPs-C7R-8gn0BMU-ADj-SwtEswzt_XfVejVRW4YMLBBLPagSl9CtOoA04SNSt__txKeYn2HOJIRbWhn-wdiibLgYAhpUVKKqLlxccbbqhC9RgOrgwqKgQ3Y1UgvGT7MRH6iuYxtqP1RzEk2Kb19x3tcOJ7UTXFSb39e-wDU.VVxrPZYT5TVR82UtxcIXcHKqGyWJ3P7cjpSKKUJRzxM&dib_tag=se&qid=1719040703&sr=8-81&srs=21417082011,B07Y48YCJX
BAMBOO COOL Men's Boxers Short Boxer for Men Soft Comfortable Casual Breathable Underwear (3 Pack or 5 Pack),$36.98,,,"Forestry practices
This product has sustainability features recognized by trusted certifications.
As certified by
The Forest Stewardship Council

Forestry practices
Made with materials from well-managed forests, recycled materials, and/or other controlled wood sources.
As certified by
The Forest Stewardship Council",4.6 out of 5 stars,304 ratings,https://www.amazon.com/-/zh/dp/B0BZYKLX7P/ref=sr_1_82?dib=eyJ2IjoiMSJ9.0t7PvPs-C7R-8gn0BMU-ADj-SwtEswzt_XfVejVRW4YMLBBLPagSl9CtOoA04SNSt__txKeYn2HOJIRbWhn-wdiibLgYAhpUVKKqLlxccbbqhC9RgOrgwqKgQ3Y1UgvGT7MRH6iuYxtqP1RzEk2Kb19x3tcOJ7UTXFSb39e-wDU.VVxrPZYT5TVR82UtxcIXcHKqGyWJ3P7cjpSKKUJRzxM&dib_tag=se&qid=1719040703&sr=8-82&srs=21417082011,B0BZYKLX7P
"ScottÂ® Multifold Paper Towels (01840), with Absorbency Pocketsâ? 9.2"" x 9.4"" sheets, White, Compact Case for Easy Storage, (250 Sheets/Pack, 16 Packs/Case, 4,000 Sheets/Case)",$44.93,,"250 Sheets/Pack, 16 Scott Multifold Paper Towel Packs/Case; 4,000 Sheets/Case; with Absorbency Pockets; 9.2"" x 9.4"" sheets; White; Compact Case for Easy Storage With exclusive Absorbency Pockets that soak up water fast, these multifold paper towels are designed to reduce waste Product is a part of Kimberly-Clark Professional's Responsible Partners program Fits into most universal dispensers for multifold towels (alternative to C Fold paper towels, which can over-dispense) Meets EPA minimum standards for post-consumer waste and are FSC and ECOLOGO certified","Forestry practices
Made with materials from well-managed forests, recycled materials, and/or other controlled wood sources.
As certified by
The Forest Stewardship Council   ECOLOGO",4.4 out of 5 stars,"7,379 ratings",https://www.amazon.com/-/zh/dp/B0040ZOD04/ref=sr_1_83?dib=eyJ2IjoiMSJ9.0t7PvPs-C7R-8gn0BMU-ADj-SwtEswzt_XfVejVRW4YMLBBLPagSl9CtOoA04SNSt__txKeYn2HOJIRbWhn-wdiibLgYAhpUVKKqLlxccbbqhC9RgOrgwqKgQ3Y1UgvGT7MRH6iuYxtqP1RzEk2Kb19x3tcOJ7UTXFSb39e-wDU.VVxrPZYT5TVR82UtxcIXcHKqGyWJ3P7cjpSKKUJRzxM&dib_tag=se&qid=1719040703&sr=8-83&srs=21417082011,B0040ZOD04
BAMBOO COOL Man Underwear Men's Boxer Briefs Soft Moisture wicking Boxers 5 Pack,$36.75,,,"Forestry practices
This product has sustainability features recognized by trusted certifications.
As certified by
The Forest Stewardship Council

Forestry practices
Made with materials from well-managed forests, recycled materials, and/or other controlled wood sources.
As certified by
The Forest Stewardship Council",4.6 out of 5 stars,46 ratings,https://www.amazon.com/-/zh/dp/B0BZV7WNYS/ref=sr_1_85?dib=eyJ2IjoiMSJ9.0t7PvPs-C7R-8gn0BMU-ADj-SwtEswzt_XfVejVRW4YMLBBLPagSl9CtOoA04SNSt__txKeYn2HOJIRbWhn-wdiibLgYAhpUVKKqLlxccbbqhC9RgOrgwqKgQ3Y1UgvGT7MRH6iuYxtqP1RzEk2Kb19x3tcOJ7UTXFSb39e-wDU.VVxrPZYT5TVR82UtxcIXcHKqGyWJ3P7cjpSKKUJRzxM&dib_tag=se&qid=1719040703&sr=8-85&srs=21417082011,B0BZV7WNYS
BAMBOO COOL Womens Bamboo Boxer Briefs Underwear Soft Stretch Boy Shorts Panties for Women,$20.99,,,"Forestry practices
This product has sustainability features recognized by trusted certifications.
As certified by
The Forest Stewardship Council

Forestry practices
Made with materials from well-managed forests, recycled materials, and/or other controlled wood sources.
As certified by
The Forest Stewardship Council",4.4 out of 5 stars,344 ratings,https://www.amazon.com/-/zh/dp/B0C4KXHC93/ref=sr_1_86?dib=eyJ2IjoiMSJ9.0t7PvPs-C7R-8gn0BMU-ADj-SwtEswzt_XfVejVRW4YMLBBLPagSl9CtOoA04SNSt__txKeYn2HOJIRbWhn-wdiibLgYAhpUVKKqLlxccbbqhC9RgOrgwqKgQ3Y1UgvGT7MRH6iuYxtqP1RzEk2Kb19x3tcOJ7UTXFSb39e-wDU.VVxrPZYT5TVR82UtxcIXcHKqGyWJ3P7cjpSKKUJRzxM&dib_tag=se&qid=1719040703&sr=8-86&srs=21417082011,B0C4KXHC93
"Puffs Plus Lotion Facial Tissues, 8 Family Boxes, 124 Facial Tissues per Box, Allergies and Colds",$13.28,,"Pack includes 8 Family Boxes (124 Tissues Per Box) of Puffs Plus Lotion Facial Tissues America's selling Lotion Tissue* *Based on sales data Gentle and Soothing Holds up better than regular tissues Our most soothing tissues Dermatologist tested to be gentle on sensitive skin A nose in need deserves MORE Puffs indeed MORE boxes so you don't run out. Sniffles and sneezes can come when you least expect, keep Puffs within reach to always protect.","Forestry practices
Made with materials from well-managed forests, recycled materials, and/or other controlled wood sources.
As certified by
The Forest Stewardship Council",4.8 out of 5 stars,"21,542 ratings",https://www.amazon.com/-/zh/dp/B09YKRZR22/ref=sr_1_87?dib=eyJ2IjoiMSJ9.0t7PvPs-C7R-8gn0BMU-ADj-SwtEswzt_XfVejVRW4YMLBBLPagSl9CtOoA04SNSt__txKeYn2HOJIRbWhn-wdiibLgYAhpUVKKqLlxccbbqhC9RgOrgwqKgQ3Y1UgvGT7MRH6iuYxtqP1RzEk2Kb19x3tcOJ7UTXFSb39e-wDU.VVxrPZYT5TVR82UtxcIXcHKqGyWJ3P7cjpSKKUJRzxM&dib_tag=se&qid=1719040703&sr=8-87&srs=21417082011,B09YKRZR22
You Are a Badass Deluxe Organizer 17-Month 2024-2025 Weekly/Monthly Planner Cale,$21.74,,,"Forestry practices
Made with materials from well-managed forests, recycled materials, and/or other controlled wood sources.
As certified by
The Forest Stewardship Council",5.0 out of 5 stars,2 ratings,https://www.amazon.com/-/zh/dp/1524889946/ref=sr_1_89?dib=eyJ2IjoiMSJ9.0t7PvPs-C7R-8gn0BMU-ADj-SwtEswzt_XfVejVRW4YMLBBLPagSl9CtOoA04SNSt__txKeYn2HOJIRbWhn-wdiibLgYAhpUVKKqLlxccbbqhC9RgOrgwqKgQ3Y1UgvGT7MRH6iuYxtqP1RzEk2Kb19x3tcOJ7UTXFSb39e-wDU.VVxrPZYT5TVR82UtxcIXcHKqGyWJ3P7cjpSKKUJRzxM&dib_tag=se&qid=1719040703&sr=8-89&srs=21417082011,1524889946
BAMBOO COOL Breathable Men's Underwear Modern Multipack Comfortsoft Moisture-Wicking Boxer Briefs 6 Pack,$32.99,,,"Forestry practices
This product has sustainability features recognized by trusted certifications.
As certified by
The Forest Stewardship Council

Forestry practices
Made with materials from well-managed forests, recycled materials, and/or other controlled wood sources.
As certified by
The Forest Stewardship Council",4.6 out of 5 stars,265 ratings,https://www.amazon.com/-/zh/dp/B0CGLY2BPZ/ref=sr_1_91?dib=eyJ2IjoiMSJ9.0t7PvPs-C7R-8gn0BMU-ADj-SwtEswzt_XfVejVRW4YMLBBLPagSl9CtOoA04SNSt__txKeYn2HOJIRbWhn-wdiibLgYAhpUVKKqLlxccbbqhC9RgOrgwqKgQ3Y1UgvGT7MRH6iuYxtqP1RzEk2Kb19x3tcOJ7UTXFSb39e-wDU.VVxrPZYT5TVR82UtxcIXcHKqGyWJ3P7cjpSKKUJRzxM&dib_tag=se&qid=1719040703&sr=8-91&srs=21417082011,B0CGLY2BPZ
BAMBOO COOL Men's Underwear Boxer Briefs Fly with Built-in 3D Pouch Comfortable Cool Underwear for Men 4 Pack,$32.99,,,"Forestry practices
This product has sustainability features recognized by trusted certifications.
As certified by
The Forest Stewardship Council

Forestry practices
Made with materials from well-managed forests, recycled materials, and/or other controlled wood sources.
As certified by
The Forest Stewardship Council",4.6 out of 5 stars,"1,436 ratings",https://www.amazon.com/-/zh/dp/B0BRK4X7P9/ref=sr_1_97?dib=eyJ2IjoiMSJ9.RgaWOpezjAaZA1fBuCkVuzoExMYjdCGxCmzo7CyuYdR0q27JjWSZEs87dW1ftpD-2nTCcFGUGRJA61x6l23DSQ.-6jLMWeZBePQB9pTf16DIAJRJeIXgayEtzX0Gpuo0E0&dib_tag=se&qid=1719040756&sr=8-97&srs=21417082011,B0BRK4X7P9
Separatec Men's Underwear Breathable Rayon Made from Bamboo Boxer Briefs Dual Pouch Underwear for Men 7 Pack,$35.99,,,"Forestry practices
This product has sustainability features recognized by trusted certifications.
As certified by
The Forest Stewardship Council

Forestry practices
Made with materials from well-managed forests, recycled materials, and/or other controlled wood sources.
As certified by
The Forest Stewardship Council",4.5 out of 5 stars,501 ratings,https://www.amazon.com/-/zh/dp/B0CQT36BW6/ref=sr_1_98?dib=eyJ2IjoiMSJ9.RgaWOpezjAaZA1fBuCkVuzoExMYjdCGxCmzo7CyuYdR0q27JjWSZEs87dW1ftpD-2nTCcFGUGRJA61x6l23DSQ.-6jLMWeZBePQB9pTf16DIAJRJeIXgayEtzX0Gpuo0E0&dib_tag=se&qid=1719040756&sr=8-98&srs=21417082011,B0CQT36BW6
"Amazon Basics Cat Pad Refills for Litter Box, Fresh Scent, Pack of 40, Purple and White",$26.87,,"INCLUDES: 40 Fresh Scent cat litter pads for use with a pull-out-drawer litter box system (not included) DURABLE: Strong PE film with a super absorbent core and effective moisture lock underneath VERSATILE: For use in litter box or in a cat carrier when transporting; 1 size fits most litter boxes; suitable for homes with 1 or multiple cats EASY CLEANUP: No more scrubbing and scraping litter boxes; disposable for quick, easy cleanup ODOR CONTROL: Absorbs excess liquid seeping through litter; helps control unpleasant odors PRODUCT DIMENSIONS: 16.9 x 11.4 x 0.14 inches (LxWxH)","Forestry practices
Made with materials from well-managed forests, recycled materials, and/or other controlled wood sources.
As certified by
The Forest Stewardship Council",4.5 out of 5 stars,"43,599 ratings",https://www.amazon.com/-/zh/dp/B07K8RWX12/ref=sr_1_99?dib=eyJ2IjoiMSJ9.RgaWOpezjAaZA1fBuCkVuzoExMYjdCGxCmzo7CyuYdR0q27JjWSZEs87dW1ftpD-2nTCcFGUGRJA61x6l23DSQ.-6jLMWeZBePQB9pTf16DIAJRJeIXgayEtzX0Gpuo0E0&dib_tag=se&qid=1719040756&sr=8-99&srs=21417082011,B07K8RWX12
BAMBOO COOL Mens Underwear Trunks for Man Soft Waistband Open-fly No-ride-up Trunk Boxers Excellent Support Briefs(4 pack),$32.99,,,"Forestry practices
This product has sustainability features recognized by trusted certifications.
As certified by
The Forest Stewardship Council

Forestry practices
Made with materials from well-managed forests, recycled materials, and/or other controlled wood sources.
As certified by
The Forest Stewardship Council",4.3 out of 5 stars,283 ratings,https://www.amazon.com/-/zh/dp/B0C277BTTB/ref=sr_1_100?dib=eyJ2IjoiMSJ9.RgaWOpezjAaZA1fBuCkVuzoExMYjdCGxCmzo7CyuYdR0q27JjWSZEs87dW1ftpD-2nTCcFGUGRJA61x6l23DSQ.-6jLMWeZBePQB9pTf16DIAJRJeIXgayEtzX0Gpuo0E0&dib_tag=se&qid=1719040756&sr=8-100&srs=21417082011,B0C277BTTB
